0,1,2,3,4,5,6,7,8,9,10,11,12,13,14,15,16,17,18,19,20,21,22,23,24,25,26,27,28,29,30,31,32,33,34,35,36,37,38,39,40,41,42,43,44,45,46,47,48,49,50,51,52,53,54,55,56,57,58,59,60,61,62,63,64,65,66,67,68,69,70,71,72,73,74,75,76,77,78,79,80,81,82,83,84,85,86,87,88,89,90,91,92,93,94,95,96,97,98,99,100,101,102,103,104,105,106,107,108,109,110,111,112,113,114,115,116,117,118,119,120,121,122,123,124,125,126,127,128,129,130,131,132,133,134,135,136,137,138,139,140,141,142,143,144,145,146,147,148,149,150,151,152,153,154,155,156,157,158,159,160,161,162,163,164,165,166,167,168,169,170,171,172,173,174,175,176,177,178,179,180,181,182,183,184,185,186,187,188,189,190,191,192,193,194,195,196,197,198,199,200,201,202,203,204,205,206,207,208,209,210,211,212,213,214,215,216,217,218,219,220,221,222,223,224,225,226
3.0953372611817156,3.0724758460548856,3.0908122218640366,3.0877641222220498,3.068110908231223,3.0695200075463274,3.0804457794858204,3.0368900552448963,2.995860703736682,2.9568173320692965,2.999779926071486,3.0368538865883643,3.018378400996297,3.127547552396896,3.3500110794360736,3.4409413423866715,3.480131951846305,3.54254316755347,3.687012709617031,3.756888846669266,3.852397995143722,3.9508225347885,4.082922763952228,4.2215702860517865,4.364254709503266,4.440365880952276,4.507843040700513,4.555228452767754,4.666896425962162,4.725737268001766,4.772614266799408,4.871337768707194,4.967856511023449,5.047999501300053,5.108356551459165,5.000459253817251,4.877875325925302,4.865451629487176,4.86361508452155,4.88648020467429,4.774698681706729,4.629976555375148,4.703027097216049,4.828295256406749,4.931663604809819,5.236651471412939,5.267407366628273,5.216769440019867,5.099368961479385,4.768385858235827,3.539015334178807,2.8222003724301987,2.2417015612182527,1.9351991039141827,1.643188842975541,1.6337138441932602,1.6211285715029702,1.6477293775369957,1.3744784430777222,1.2450384497592963,1.2829451603836042,1.3833166678867868,1.4065801367756563,1.4248828992688787,1.326608369372681,1.313277899774268,1.3418613916349658,1.3782532042757472,1.2834658459502197,1.202782622561221,1.4217121696158455,1.4037384349046973,1.4116588356939173,1.633906739512321,1.689995260516058,1.530177950731561,1.5595950365973115,1.7599999581199746,1.9135055007955348,2.056789268898493,2.1236297969444107,2.1922403862715525,2.137274464677281,1.6806254999211994,1.3737407349779018,1.3793168116579844,1.3505418251598178,1.0485498916629943,1.0548331736384773,1.098302494645728,1.042069379762556,1.0343439693227006,1.0104998823079556,1.006782100026532,0.9422696972285495,0.9376229086977967,0.9554339335659559,0.9591662449156813,0.9559424381835003,0.9682240863527583,1.0029408816688814,1.0068376588884922,0.9881670643424942,0.9812594795318058,0.9705938794758143,1.0144780850838842,0.9821702563215995,0.9923089653278698,0.998389839012965,1.0021723654553114,1.0019525755197072,1.0671943825783705,1.0556282983431216,1.048746387938117,1.1016345881619614,1.0908265784137035,1.0548367688863947,0.9911491326617891,0.9791951290449279,0.9621082129061017,0.9123216303020704,0.9158969163983764,0.9213734465332888,0.9262600237758457,0.8400199116714064,0.6782047758968057,0.6538371571053965,0.6181097784005414,0.699366049329901,0.7245265755082193,0.696876481498757,0.6960236927297214,0.6900120821080762,0.661826013617623,0.6119227856846292,0.5937152071357692,0.5349362719994804,0.5034480474495696,0.4926378445849484,0.41361131626262004,0.42939729424535844,0.39403681317244776,0.32130996725009053,0.3322886525614148,0.3104340002750432,0.2094517998353972,0.19398732647870942,0.16403279017801176,0.24553065901850246,0.18133954886444315,0.11995669431695065,0.18423066179134218,0.23755167101925445,0.26273596534641597,0.27780676960858053,0.24689066817563943,0.20865489795930614,0.1961668852152877,0.18737022598439812,0.14418300975830156,0.3086275023620474,0.2977844208982786,0.2662412346087627,0.293129007244492,0.31202723053252557,0.30056414588692026,0.2988067908816262,0.3107780808818923,0.33698491345575465,0.25857511403912825,0.25497530287337244,0.22044164248530373,0.35391162538799104,0.40315681774169265,0.39621670911296125,0.3927767817337263,0.37854958074575296,0.3576793823497595,0.29971105290152267,0.1853922618144671,0.23210446724657707,0.29643916106723955,0.3382267992213528,0.30425347210998954,0.3644140718844079,0.34148561946627887,0.2252982475349552,0.3657256670452729,0.3932001095736799,0.38917286008872753,0.36660205455170725,0.3679472987636637,0.35666564830652825,0.2845723913710583,0.2619127569745252,0.22446920890761846,0.31666561745830357,0.32531940907880497,0.3275754169122681,0.30905767907540826,0.31617731026293683,0.3023156466221001,0.2882902324402047,0.27582472731803975,0.26540758449700463,0.24451801878907342,0.12992568095724666,0.18831756591072646,0.27256078045758114,0.2725721393616811,0.24488525172793807,0.31377752118511093,0.5258062869913229,0.7970412204289359,0.9844614002993263,1.1777924266894015,1.8778475821628684,2.466038181809758,2.90464684076063,3.015249178203657,3.5438307082110216,3.8571344268705396,3.8815230191007006,3.974696292919409,4.080357778773941,4.369941527971097,4.548068398530621
3.0953372611817156,3.0724758460548856,3.0908122218640366,3.0877641222220498,3.068110908231223,3.0695200075463274,3.0804457794858204,3.0368900552448963,2.995860703736682,2.9568173320692965,2.999779926071486,3.0368538865883643,3.018378400996297,3.127547552396896,3.3500110794360736,3.4409413423866715,3.480131951846305,3.54254316755347,3.687012709617031,3.756888846669266,3.852397995143722,3.9508225347885,4.082922763952228,4.2215702860517865,4.364254709503266,4.440365880952276,4.507843040700513,4.555228452767754,4.666896425962162,4.725737268001766,4.772614266799408,4.871337768707194,4.967856511023449,5.047999501300053,5.108356551459165,5.000459253817251,4.877875325925302,4.865451629487176,4.86361508452155,4.88648020467429,4.774698681706729,4.629976555375148,4.703027097216049,4.828295256406749,4.931663604809819,5.236651471412939,5.267407366628273,5.216769440019867,5.099368961479385,4.768385858235827,3.539015334178807,2.8222003724301987,2.2417015612182527,1.9351991039141827,1.643188842975541,1.6337138441932602,1.6211285715029702,1.6477293775369957,1.3744784430777222,1.2450384497592963,1.2829451603836042,1.3833166678867868,1.4065801367756563,1.4248828992688787,1.326608369372681,1.313277899774268,1.3418613916349658,1.3782532042757472,1.2834658459502197,1.202782622561221,1.4217121696158455,1.4037384349046973,1.4116588356939173,1.633906739512321,1.689995260516058,1.530177950731561,1.5595950365973115,1.7599999581199746,1.9135055007955348,2.056789268898493,2.1236297969444107,2.1922403862715525,2.137274464677281,1.6806254999211994,1.3737407349779018,1.3793168116579844,1.3505418251598178,1.0485498916629943,1.0548331736384773,1.098302494645728,1.042069379762556,1.0343439693227006,1.0104998823079556,1.006782100026532,0.9422696972285495,0.9376229086977967,0.9554339335659559,0.9591662449156813,0.9559424381835003,0.9682240863527583,1.0029408816688814,1.0068376588884922,0.9881670643424942,0.9812594795318058,0.9705938794758143,1.0144780850838842,0.9821702563215995,0.9923089653278698,0.998389839012965,1.0021723654553114,1.0019525755197072,1.0671943825783705,1.0556282983431216,1.048746387938117,1.1016345881619614,1.0908265784137035,1.0548367688863947,0.9911491326617891,0.9791951290449279,0.9621082129061017,0.9123216303020704,0.9158969163983764,0.9213734465332888,0.9262600237758457,0.8400199116714064,0.6782047758968057,0.6538371571053965,0.6181097784005414,0.699366049329901,0.7245265755082193,0.696876481498757,0.6960236927297214,0.6900120821080762,0.661826013617623,0.6119227856846292,0.5937152071357692,0.5349362719994804,0.5034480474495696,0.4926378445849484,0.41361131626262004,0.42939729424535844,0.39403681317244776,0.32130996725009053,0.3322886525614148,0.3104340002750432,0.2094517998353972,0.19398732647870942,0.16403279017801176,0.24553065901850246,0.18133954886444315,0.11995669431695065,0.18423066179134218,0.23755167101925445,0.26273596534641597,0.27780676960858053,0.24689066817563943,0.20865489795930614,0.1961668852152877,0.18737022598439812,0.14418300975830156,0.3086275023620474,0.2977844208982786,0.2662412346087627,0.293129007244492,0.31202723053252557,0.30056414588692026,0.2988067908816262,0.3107780808818923,0.33698491345575465,0.25857511403912825,0.25497530287337244,0.22044164248530373,0.35391162538799104,0.40315681774169265,0.39621670911296125,0.3927767817337263,0.37854958074575296,0.3576793823497595,0.29971105290152267,0.1853922618144671,0.23210446724657707,0.29643916106723955,0.3382267992213528,0.30425347210998954,0.3644140718844079,0.34148561946627887,0.2252982475349552,0.3657256670452729,0.3932001095736799,0.38917286008872753,0.36660205455170725,0.3679472987636637,0.35666564830652825,0.2845723913710583,0.2619127569745252,0.22446920890761846,0.31666561745830357,0.32531940907880497,0.3275754169122681,0.30905767907540826,0.31617731026293683,0.3023156466221001,0.2882902324402047,0.27582472731803975,0.26540758449700463,0.24451801878907342,0.12992568095724666,0.18831756591072646,0.27256078045758114,0.2725721393616811,0.24488525172793807,0.31377752118511093,0.5258062869913229,0.7970412204289359,0.9844614002993263,1.1777924266894015,1.8778475821628684,2.466038181809758,2.90464684076063,3.015249178203657,3.5438307082110216,3.8571344268705396,3.8815230191007006,3.974696292919409,4.080357778773941,4.369941527971097,4.548068398530621
3.2602218803227507,3.174635049668197,3.1626920975265267,3.150109660949484,3.1603360930152684,3.1771860154255185,3.2002438293878623,3.112975536611191,3.0316159904854123,2.9186191760364424,3.0034590623664417,3.0652811952259618,3.0510173965209306,3.2754791368227925,3.5577730472559366,3.629738792281178,3.673832329418788,3.738581193552765,3.9388168820071834,4.065102489176756,4.159205827539417,4.25355620719437,4.400979365040769,4.49259354619204,4.594980724379992,4.6202248904562255,4.6848088598959805,4.711162443486527,4.850694515936997,4.885411965583517,4.8880264703373815,5.023321604710151,5.154396637288382,5.281863235042831,5.323812826843437,5.075033323297102,4.92061167969493,4.956681233668878,4.864575498282603,4.968427210714799,4.704023550495524,4.37343699729051,4.496189337464294,4.772169832140481,5.019772996687058,5.479064620881735,5.386701060189182,5.18608029870906,5.007864615307483,4.280031393547612,3.5069901842221527,2.887959967379281,2.2882707140567877,2.0138238306030702,1.7579591079180816,1.8293594007421916,1.7540642884812094,1.8073831327859071,1.6060849239145016,1.628070756579642,1.5196311407125453,1.6849361782271546,1.6673614480644092,1.7157114118823324,1.6391918995277244,1.55507117065139,1.5386823507899534,1.5770600488546591,1.4209886279608293,1.2566666296900262,1.4867369942193738,1.4342808384634291,1.4732571714931362,1.6858252070810666,1.755086477185089,1.6207691386233825,1.7353968177203092,2.01670440901263,2.186438978809293,2.347494276064052,2.3524822860997774,2.3056321630741534,2.205115239148819,1.6817849421312656,1.4293216851709638,1.5027130370757995,1.4931236446528124,1.1516606160857052,1.12407224568112,1.1296357754171307,1.095363746253262,1.0841148064801955,1.0196047647245468,1.018008448094705,0.8925251755905361,0.8695736022953443,0.9283008422908442,0.9404785862778952,0.9159340833571218,0.9065741041866358,1.0078995147834386,1.0301334618967979,0.9688686717982126,0.9601213867713124,0.949132095391828,1.0556540593377646,0.9937068883567399,1.0273478866704349,1.0407636220209135,1.0197715899551294,0.9859180178781018,1.059640992011919,1.040502702197394,1.0055591341364534,1.0608299124464917,1.0622605240779703,1.0103107517470618,0.9459058541455819,0.9326723667209038,0.9186684164787703,0.8659483962494622,0.8751100661377474,0.8833899021666405,0.8903860267386845,0.8120611246822871,0.7195015334795258,0.6888688763695743,0.6604928950325231,0.7121588280658175,0.7302589878589008,0.6822291863176484,0.6738056934339627,0.6771747286045563,0.6739453175161987,0.6152489724326764,0.6142162472250514,0.5523950238582054,0.4962519595596912,0.4914644547604695,0.46065749459536387,0.4428182719964614,0.3925292274353803,0.325329572322098,0.3391840661297266,0.31299198074752155,0.24021191454698565,0.21663828137602237,0.18941581824157483,0.2481091681590234,0.15992969439694826,0.12759751773472783,0.17514432852243556,0.2430324223625725,0.26105089526801784,0.2759827969471216,0.23792515971957973,0.2082873155994489,0.1923318279557895,0.18370639665519928,0.16406663052463055,0.2894143589923722,0.2741813466656038,0.2506122317864594,0.27814328213948103,0.27301634114069073,0.2465084186439327,0.25673310376195324,0.27548793367718327,0.3214466112560145,0.2626460062458783,0.24977254284369976,0.2323053809078236,0.3274775561502482,0.3874544234813835,0.38912527936727437,0.3668899510381609,0.3482986436710871,0.3058465594724413,0.24189445741122084,0.13063549146577802,0.1931869730519591,0.2649883930044259,0.3182818272226624,0.3065096443654528,0.3448699035182937,0.32670547445885767,0.19168606154290468,0.33795499878823676,0.35674320185752373,0.35365767440020646,0.3323752055142165,0.3311839787796358,0.325531651635924,0.26519639634867087,0.24489512436367578,0.22034631577781094,0.27085574561926773,0.2842683616618028,0.28209005884728,0.2679782897492843,0.2813985777978133,0.2695788106422452,0.24718061798551616,0.2197582391183095,0.23253812478093117,0.23978007213553187,0.14123398084807892,0.20419524112605658,0.2727688699996186,0.32300921865634546,0.31145624583285725,0.5096744949848765,0.7252503900704617,1.3117047140528577,1.255025085289456,1.4686095836843216,2.3871331695688935,3.0338801785282064,3.3657120579893745,3.384561391923063,3.8092734940698327,4.06248946305244,3.9788368512806302,4.021372156022819,4.029506190893164,4.363497670812007,4.525669028416336
3.424523625504502,3.292577602826028,3.2548433294329184,3.228536586202275,3.2581582476064863,3.2873101546738455,3.3227198825835917,3.1988232488363257,3.084868174207557,2.923182535526023,3.03259522939426,3.1103984284971724,3.0942633972769187,3.3838007197856723,3.685630684631678,3.749137271338161,3.799508092430269,3.8776210892400162,4.111407709212903,4.268347576895743,4.342465101022103,4.43512814635257,4.571520669359022,4.59987663571427,4.648536092662717,4.63231399668981,4.709231091390089,4.749827820724379,4.91243464732603,4.929949222798086,4.906472364200106,5.078023476109619,5.229429183250549,5.405301371215755,5.424686501813499,5.099480173618812,4.947228956068661,5.008733341726122,4.844523576356159,4.973432192022521,4.632296590153075,4.208952362483903,4.34686672667147,4.725576865743657,5.05023175380771,5.60648669054981,5.455363848638111,5.139094168112113,4.929238271484728,3.735298359700167,3.398986130433845,3.0551607469890993,2.5152209077904786,2.220370971204418,2.0911417416083626,2.1912532515223844,2.056972139273058,2.142125047669049,1.9902452257924605,2.153730880299655,1.9146350352281514,2.0787478506811743,2.0239737856020406,2.0303605022356437,1.994488213066061,1.8595802816163571,1.7709180377975364,1.7899437367779747,1.580754683988823,1.361863255231383,1.5874529198111909,1.5039320488865735,1.5646988540372246,1.7635379823382908,1.8458547563071308,1.7531995404768665,1.926400845885534,2.2627142903988164,2.4429857242206356,2.61774196765131,2.568201600343037,2.4320559405936226,2.2985792362137767,1.7264126991282092,1.5127656811802204,1.6375669814369185,1.6487034938721932,1.295880395576888,1.2347854852993936,1.2055674518801596,1.1840646296806148,1.166437027741819,1.0667181852419665,1.065707301913,0.8892102775657222,0.8518502292367339,0.9380246826354881,0.954647459096967,0.910998947286457,0.8827141019657078,1.037889454994594,1.0741935421977373,0.9763544656792422,0.9623052686910604,0.9528578580449848,1.1135363949171717,1.0297125502959403,1.0854600329048332,1.1071477533548697,1.0633888687282018,1.0013969875489654,1.085132429746067,1.0601354334563464,0.9987062875230699,1.052547435253389,1.0616070048307216,0.9947380254693907,0.9285687962954899,0.9112590664445203,0.8972928637132972,0.8418988420405282,0.8536083277149051,0.8623849677234294,0.869048116639326,0.8144349735131697,0.7939390661149262,0.7627124018630819,0.7253468513416874,0.7260464603919585,0.733239018524296,0.6775615607452874,0.6685295044845163,0.6780098024397467,0.6767952352331716,0.6090732932270597,0.6196198096615408,0.5567013798830533,0.4809176786234545,0.47979008518754257,0.49494729528362924,0.44451271543098025,0.38277428853612905,0.31648432832914364,0.3334559426957202,0.30471124744565903,0.26088673762584547,0.2343959193751457,0.18924528079445113,0.2344186100886605,0.13352804145751218,0.134060582601781,0.16185605545240966,0.2448757631872669,0.2577744995567227,0.2830666397430135,0.23323936364131226,0.2099798401217874,0.19717726696199323,0.18725422553300575,0.19211597532053992,0.3008300532643994,0.2944330103169426,0.2718490817950232,0.29631133229306483,0.2727527210252648,0.23107516586887566,0.24681481680421402,0.26965383257237885,0.331597012765497,0.29092913165963097,0.268363858770748,0.2594274864514321,0.31556922396988063,0.37801138784182686,0.386159173163644,0.35138552275944246,0.323866057705007,0.2651749514315018,0.19925489153779463,0.08719421860028163,0.1602718913117156,0.24013896736118223,0.3041376963690827,0.3085716110111967,0.3323500545080549,0.3101259173485351,0.16911079953595953,0.31402074719574624,0.31658433740130765,0.323262934298684,0.30123794588608743,0.29811294663044385,0.293530936061992,0.24051106768063601,0.22456488088867965,0.21172016735376653,0.2344516456838155,0.2536647827850804,0.24891625800277073,0.23936596067160776,0.2595071348311758,0.24864129212691866,0.2173066246117682,0.1770934207777296,0.21087414873111687,0.24402160744070467,0.15748279896510953,0.21840641837503427,0.2878917741853618,0.405263024330512,0.42408335405877406,0.7868804294393175,0.9690727939445283,1.7260020537524394,1.4087137183700278,1.6250191450167273,2.5571139961817053,3.14587700073075,3.3756146522367874,3.444097487903981,3.7478692461613567,3.9656066885220658,3.908516219225447,3.9160468349013944,3.841352810097878,4.193042490680188,4.34808109247824
3.5862917354126123,3.4212716964835908,3.3618086212436906,3.318951920596856,3.3596801181349387,3.3983090446179136,3.446078039661394,3.2917740968658644,3.1519429845271656,2.9605546356135424,3.0817091325240336,3.1686246435034167,3.1460027518109746,3.4669012522969327,3.7664752742818695,3.824134229338242,3.87988548677243,3.9765105063781268,4.228193551991499,4.401674821954712,4.449747016662656,4.540286714721897,4.657412753603676,4.629303922717675,4.634900886505607,4.600249511042099,4.6808963617337715,4.741714971587113,4.921215581364832,4.9279964818220865,4.885457164269246,5.085437677788837,5.247777966435507,5.463694098197534,5.4630882767902555,5.102292669480303,4.964013224962699,5.036195670298536,4.8172229651954614,4.949306327370588,4.573390361655778,4.114898298466128,4.245402739584329,4.690140927703121,5.046657829178027,5.659172674179617,5.489187650274799,5.086758835425192,4.865654094740471,3.535751703522082,3.3739509251240976,3.249731177817064,2.795581377800872,2.4838032990564995,2.466386358046482,2.5598433312624325,2.4072977452240583,2.5229436989407987,2.382671583719379,2.6025129911874965,2.3160235430392966,2.438434403907083,2.3680090570994654,2.3257078819640644,2.32312977599928,2.162667177596645,2.019963423896584,2.0116881331306655,1.7573874020315154,1.5069277791201405,1.7164204320775813,1.6048410867679956,1.6797689350190208,1.8621058464768727,1.9572115101490555,1.917392782886557,2.127902795279399,2.498099825915528,2.6839615412714855,2.8688005215614503,2.771445335526563,2.5681288595715834,2.4119296093728337,1.8058165331191682,1.6180971815738447,1.7810991832960592,1.813746407902326,1.4700410901223313,1.377236857706006,1.317148438767178,1.3014186239374677,1.2754759271673877,1.1450996607193515,1.1432688652587242,0.9247207075511005,0.8763027480506778,0.9792262821400203,0.9970416160120799,0.9363414023605542,0.8915839195557519,1.0894838587984796,1.1362725058193293,1.0073057068559363,0.9851159928059325,0.9787307852890825,1.1858790636446883,1.0868005253347786,1.163124019601538,1.1937479616389668,1.1292186104180069,1.0439780171721011,1.138668883690721,1.1092171000794961,1.0230284800683427,1.0723861767780856,1.0852407630943646,1.0044938609916298,0.9357617800731686,0.912045453399922,0.8954829891874936,0.8376965777222763,0.8493176815882347,0.8566170725339058,0.8608108513158259,0.8208505525671628,0.8295431827258618,0.8017633767905956,0.7593739037103285,0.7449377539278519,0.7432705521597536,0.6857380650815352,0.678138869539308,0.6915155155690327,0.6785693858207188,0.6027649422975707,0.6213502710078368,0.5582086339999314,0.4657282378318346,0.4662528386300153,0.5020908405650059,0.44193953979157874,0.37170477290831916,0.30287297925302914,0.3225044749521837,0.29278991887905326,0.27691688792235025,0.2537136150111867,0.18327201594923903,0.22010128828062803,0.11469276283908102,0.14741549903443885,0.15457439247363913,0.2512649849451345,0.2596488760198358,0.30241203051422205,0.23856059371950078,0.2198248391613119,0.2139752044410873,0.2015999644111085,0.22943843650810425,0.33686558167842506,0.3482066427682866,0.32152907157972976,0.3403675375617943,0.30303262909984385,0.24660325619508006,0.2628810965645699,0.2877157150356483,0.362459877256896,0.3383941052150462,0.30611681964088666,0.299233897483434,0.3181244129871379,0.3765570122227191,0.38873060996243436,0.3459521716645396,0.3070668810098056,0.23579299605920123,0.17030350603816946,0.054232045367399666,0.1337661361414031,0.22182455448137472,0.2957150446127137,0.3119857130100654,0.32627228439777745,0.2939695656793726,0.15614297502905372,0.295227252296307,0.2780287024129706,0.2988635614022622,0.27447122151116043,0.2698392652972469,0.2634315401095878,0.21439308199562124,0.2037847779936348,0.20116280098002493,0.20649548405337192,0.2323939866703193,0.2267143615680921,0.2218377794626062,0.24901205751761124,0.23816359761053585,0.19746888686538944,0.14633347877017122,0.19912676112949135,0.256041196119147,0.17857809611703013,0.23313283169069055,0.3144717020186416,0.503327826622458,0.5525874622424425,1.0597034907822567,1.2082208629091529,2.0215268804185915,1.5034299741913064,1.7041245016874147,2.598760354226816,3.0845701659167863,3.2361285017989174,3.375789933621652,3.5826612335494943,3.785147331743991,3.77612186147052,3.7545429734298783,3.625650457246054,3.96785945539837,4.118913778554431
3.7440654376772757,3.5566720580027726,3.479117962347012,3.4179630253377664,3.463317866742254,3.5088930496582766,3.568864618318732,3.3896027227917185,3.229697088076022,3.022601828875922,3.1461984321425014,3.236917487901613,3.204409183141465,3.5346940109727973,3.821761893376086,3.872129323215248,3.931198531597815,4.04769504993234,4.3064635204775,4.489597241061028,4.512543598764694,4.599228790750354,4.697013332963608,4.6255276512402865,4.600987940305469,4.563821348998472,4.640255463481031,4.717895347639977,4.909605091543243,4.9106882443748,4.852221802373566,5.07186723794049,5.239320629673697,5.485101475944344,5.469097676401397,5.097574625516007,4.9753843643089475,5.049264226579169,4.790957886528723,4.919816667172748,4.532496305897841,4.074349103682248,4.183530134954634,4.666471369348237,5.025538306878694,5.665641096490003,5.500019500428689,5.036401633762694,4.817897065327099,3.6009293904517166,3.434786938429337,3.441895272529128,3.0746608133098805,2.7648575858478015,2.8183569252972704,2.8886344210352943,2.7515131548692304,2.893934909079443,2.740517338441163,2.9551925224837197,2.677011720064228,2.7455455511961766,2.67372927144981,2.5963084762503366,2.615462647882703,2.4464399236708587,2.2738014986372352,2.238065951514945,1.946284508541098,1.6821553329782029,1.8672271968006344,1.7302375736774096,1.8131013009865729,1.9772076971025272,2.0847193422272707,2.104845897589013,2.335913737244036,2.722965100897402,2.9101452073358884,3.1018645169667933,2.962839270813329,2.710957650090983,2.540275468084462,1.9125621570098612,1.7402144512673787,1.9308887286473357,1.9852217384039677,1.6649662230331235,1.543259126446549,1.4566536183246233,1.441525658868659,1.4060824916850245,1.2488325502681803,1.2449097485161564,0.9923541092946978,0.9357426908733851,1.0470788917126619,1.063483824467104,0.9876299419855197,0.9286103903283148,1.1595748568227837,1.2138630920666278,1.0586872982092788,1.0260730675858885,1.0239644795074576,1.2706285443283722,1.161899301855129,1.257171472061309,1.2971619287379865,1.2138305709682171,1.1096807030683593,1.2157771299671816,1.1830080429649936,1.0738902675208655,1.1163693492177191,1.1298673671839932,1.0362762687670937,0.9643994644453544,0.9323627874708299,0.9109426854699664,0.8510620923964484,0.8603237208494982,0.8644726199554325,0.8643404049607546,0.8259459652119796,0.830754547213018,0.8087190410126273,0.7690247804459689,0.7709966673242346,0.7656487763914283,0.7077845485653803,0.7007555397242929,0.7165790449730494,0.6846778892413277,0.6024529718015158,0.6269308200299104,0.563761753750653,0.4561384770511716,0.4566712484868656,0.4916199976632351,0.4403166939760276,0.36395556071811885,0.290085507388708,0.3115234363680962,0.28222657116267613,0.2921901064773479,0.2785498761858607,0.18363472157412908,0.21476302984051654,0.11066713687518058,0.17224989640176191,0.15924735533643664,0.26712401529287444,0.2707661012900351,0.3354574137290377,0.25694836909114915,0.24124449615654486,0.24418402406619788,0.22848959295939553,0.27627656425803204,0.39238515736188306,0.4270156526471025,0.39268840228685276,0.4042563340280807,0.35699589534680465,0.28662052956208617,0.2996835578741268,0.3249263881005876,0.4097888847759972,0.40077743732209536,0.3590703903721214,0.3494107215159439,0.33440522081076984,0.3839233146219668,0.3976232967590625,0.35005174275552287,0.2988862213997139,0.21743942799938454,0.15360550904256354,0.030888513166304137,0.11381146759863923,0.20984462840484042,0.29281547455062906,0.31779805601380917,0.326061236566655,0.2798381816404022,0.151484094900612,0.2822799485003151,0.2445289195199607,0.2809011657070407,0.25287775332627027,0.2470330278064784,0.23713293609279218,0.18961324715820072,0.18460486133734288,0.19057720845109727,0.18610747883307832,0.2194337824743764,0.2142568112238149,0.21412721175281924,0.2485511163467925,0.23691981696468722,0.186565836056374,0.12611290982050005,0.19611892473108705,0.2747507784662231,0.20419886704741208,0.24971903454467348,0.3496491969170211,0.6067355165746472,0.6811086234188859,1.2946269763841254,1.4213735587675993,2.222589761896037,1.570523412622625,1.7421433748156823,2.6040544964334,2.9828567061272633,3.0786714737443472,3.2694908652611296,3.4106328996247277,3.6103584985384325,3.6345591587241675,3.5875277411041733,3.4313476685792104,3.7443690366301885,3.891913789844907
3.896778242122451,3.695551981071521,3.6031321166330628,3.5227722972300866,3.567758024126237,3.6180231090079857,3.6899161060427947,3.4904568068871424,3.315451546223606,3.102707580544329,3.222213148070565,3.312702597667256,3.2679098095105372,3.593846766842647,3.865047468708981,3.9049869431256092,3.964858721025081,4.100264755354033,4.35885275796581,4.549023227670585,4.5512408782638305,4.631965554693485,4.7133500231874015,4.611175164256453,4.566057616658815,4.534562175647789,4.602460372502596,4.691591052793542,4.892527145683713,4.891506469252164,4.819037280859969,5.050917486365703,5.220020242770474,5.486661922105636,5.459825105699371,5.09213843167343,4.984380852508323,5.054917292346907,4.770402210725919,4.895984765592084,4.5103891438964006,4.0740602086203985,4.1541852072656775,4.65446590273115,4.998074646618337,5.645754992230227,5.49663115684924,4.992671019881017,4.785794361332218,3.804218583725429,3.55528191870817,3.6211434014798547,3.3318939428901104,3.04273918713578,3.1290584041617606,3.172041787844011,3.069416734084215,3.234347399300431,3.0570844436447446,3.2357351911217416,2.9906231080304626,3.0087672249727313,2.9419828934083685,2.8451241450364755,2.876897515930559,2.7082243918389484,2.5248626233204763,2.4656689221507744,2.1435237755332093,1.8793546189179684,2.0343675968354162,1.8743047422537662,1.9600806073596317,2.1050753380118463,2.2245213289034877,2.30842159317158,2.5470714079294154,2.9374438625157717,3.1222800566770976,3.3180590439469504,3.1429789467271467,2.8580794680651125,2.6794649935972155,2.040313367014128,1.8747787892693941,2.084834956442621,2.1605430088269135,1.873163435386166,1.726032003644349,1.61743992569693,1.5992478802400532,1.553725926142471,1.3727385198881643,1.365585257107916,1.0862179742796831,1.0238454460841573,1.1372597217252955,1.150213097361248,1.060958882073536,0.9896672051581527,1.2453484605999254,1.304678922902081,1.1277272720053042,1.082896186243017,1.0860085538254156,1.3659101008392371,1.2522279106198537,1.3647574043593245,1.414345420823156,1.3141386659605703,1.1949198924169069,1.3124633649208552,1.2772862271351804,1.1471346161825846,1.1809094366064843,1.1924975338799149,1.0870814888544633,1.0116659615614054,0.9697663119385401,0.9415642962921729,0.8798993828835316,0.8848611676057524,0.8844579587889193,0.8783984310419605,0.8312529193662772,0.8159724129922202,0.8003070769593534,0.7685752698483368,0.8051472952125269,0.8026001960052632,0.7435169568283339,0.7346660795126694,0.7520335058081907,0.6984426109635324,0.6118446169925368,0.6409842353338755,0.5775839066333611,0.455479917481872,0.4547276988181074,0.4763227339792046,0.4431315781256321,0.3624305887452607,0.2817989814143459,0.30400702548446934,0.276329754975809,0.30938029613223483,0.31105642248619625,0.19710591462134486,0.2237063958831369,0.12495460955592351,0.21068357284337869,0.17880490954215333,0.29501936984354404,0.2932787608869172,0.38230783587102113,0.28957208569292814,0.2757475502006379,0.28798649779370555,0.26836107708917745,0.3322686981222487,0.4630185953573174,0.5239274167534039,0.4795977564679186,0.48295291203570173,0.4289295818518831,0.3456787312159224,0.35277302865122384,0.377245526698057,0.46997281754580345,0.47448005533111726,0.42384927809141637,0.40789515480674277,0.36323634393436977,0.40028684977330875,0.41314597837636324,0.3629902760757756,0.29968723671918707,0.20957369831026806,0.1477930330607754,0.016299408491016402,0.10034631296903172,0.20389898710286924,0.2951528252878334,0.3266634906459237,0.33115510825236605,0.2688367386368331,0.15395916104700624,0.2754408547237812,0.21815613211003948,0.2694899346789035,0.23688823320183572,0.23002684263287454,0.21585699348536969,0.1680735105681329,0.16843261611209104,0.18133011433815494,0.17248023673330026,0.21384771885711917,0.2104199304004487,0.21507556920742565,0.2568811529692542,0.24378927687210472,0.1835867359624861,0.11518733825698056,0.2007770151348912,0.2991665378457533,0.23388150072789482,0.2688974173161268,0.39107156973682,0.708859636959127,0.8018774776899129,1.483327613153045,1.6016938642577514,2.356852433338018,1.6265433142199512,1.76133204589052,2.6085367180327372,2.8966069898866103,2.9525589315927165,3.1663369527275305,3.2678856343684095,3.470885893408046,3.5079323358542243,3.439356272971356,3.276113873787411,3.5486777608483697,3.692122138835383
4.184269675970079,3.974112345785935,3.8600923233786673,3.741040516947559,3.774922644983418,3.828798424552837,3.9233478729171685,3.695387491377031,3.5022218346276635,3.296729521508534,3.396547359079305,3.4784276998607893,3.4049910143259523,3.701940275241848,3.944731688326458,3.9539192960840426,4.008050416087257,4.17383537982008,4.419806452347739,4.6243566150738395,4.602419387422403,4.66574509617058,4.724288279946503,4.588346106964892,4.516954636023453,4.503775485207845,4.550171432184165,4.649021408454758,4.863914923115191,4.865120451771906,4.769414951038709,5.0105756204706235,5.177753942831272,5.4671389788551945,5.429058452910134,5.089635991486354,5.002605108436741,5.060860747316383,4.75419453175274,4.8793911667180625,4.516268250673143,4.155101209301673,4.169890549886635,4.662806232749699,4.950598272331537,5.576449471321828,5.470911529029257,4.934464778915576,4.764896628575555,4.3148442143408445,3.8842019871460773,3.9338209210844264,3.766436918816039,3.554011155954708,3.6340519085322183,3.6317425242547547,3.6130594846341464,3.811186532490884,3.586179114521297,3.67013376874654,3.501636122295968,3.44771144218556,3.3946576766416823,3.291085523896951,3.3334145595395293,3.1736520485867215,3.0022447764091837,2.9141948966920186,2.550247474250823,2.313299723352313,2.3995270155334705,2.1992845697563954,2.279755600001805,2.386451832319394,2.528106985949434,2.7411464598318185,2.9680479652782443,3.335902488345668,3.50720847886157,3.704015708513745,3.471735376307044,3.1571931324118543,2.976907882735982,2.338149892958994,2.167134417084972,2.3981922275007674,2.514283354113995,2.306286006370761,2.1201553551024768,1.980945839690906,1.9503121811074442,1.8847280443670182,1.6635906440642578,1.6470871284693338,1.3326233141278032,1.2645368164985098,1.3695708491304954,1.3713633178914721,1.2600345237948893,1.169381048129902,1.4540188341720683,1.5178495579930633,1.3088964299388268,1.2359396628260118,1.251406541211737,1.5813882291364783,1.4687676125018168,1.610619571864911,1.679449598296652,1.551048889308831,1.411447334571344,1.5507353483460726,1.5127217347953408,1.3462868352865256,1.35906530671489,1.3611956893530675,1.235101185626037,1.1520507523716441,1.0870781505735154,1.0407269844589917,0.9764483396108016,0.9681562735285504,0.9553981509813424,0.9335894340015695,0.853331318680752,0.7920397015369073,0.7861508418214305,0.7731236962438007,0.8974262590530919,0.9197851061493177,0.8518275404638145,0.8302661327171026,0.8494198129294066,0.7549462260532106,0.6661661665033758,0.7029978522921813,0.6378275724347848,0.4868722424222444,0.4809339497919126,0.4662002170332801,0.4697476544902692,0.38359501741963975,0.2866096762816278,0.3071971375238062,0.2856802282601367,0.35573444358096773,0.4016854239156482,0.27321237608763693,0.2916271876569654,0.21055830774625062,0.3288984433241905,0.2645817321276438,0.38938138210044304,0.37458026301771796,0.513711846422103,0.3961556565701023,0.3838070778005005,0.41308857157969703,0.3846130576407084,0.46840331299214716,0.635407371855841,0.7506411494709975,0.6827965903359288,0.6689189546132337,0.608599135754789,0.5034016849932129,0.49337907770816125,0.5140352744109284,0.617146261262208,0.6442414838006445,0.5778665676983126,0.5427122407553803,0.45268991359254585,0.45853219196867645,0.4636572638668909,0.412155466392075,0.3275391982328745,0.2222552932789057,0.16373801365591567,0.01,0.09191668574585275,0.20857629390033727,0.3141038513566886,0.3547348405655183,0.3551079022698951,0.258759385601099,0.17618213094527757,0.2796271658468432,0.19029438511720642,0.2656351563721169,0.2220888743969357,0.21352080919191874,0.19077483389616623,0.1390996410062436,0.14833964687131662,0.17027687183854034,0.16260908364896798,0.2214435366409716,0.22458745108126332,0.2388063346191458,0.2954837206526759,0.2778652329747431,0.19777298845874414,0.11679339410557942,0.22926693575134194,0.36165242503338524,0.30322198760566776,0.31590345215305915,0.48531428315309905,0.895086405586397,1.0093691279849473,1.7373478566806784,1.8680999682319037,2.5059755403066717,1.7338717240853356,1.789523194772401,2.6463645373138496,2.8255383052341108,2.82672750612248,3.0218438520855515,3.0923120813733673,3.304888989935995,3.3272841422186255,3.229667476827832,3.0861217165620047,3.26924405064837,3.402056959587764
4.679651627011378,4.493144534495373,4.359183620586426,4.171414301399839,4.1632213153536615,4.20720237339321,4.341114860633284,4.090441621597314,3.893018199254252,3.7269305569052267,3.775152957533042,3.8254228152205374,3.692779872060862,3.919437379746284,4.1389547946365735,4.066987331846853,4.089963136709176,4.2816904096386565,4.488579465745993,4.73426032763669,4.7192279908110795,4.738968432089088,4.772675499620509,4.618599406586572,4.509249255235379,4.522313448160517,4.524987123025055,4.617048125459581,4.853117226666203,4.868038197651974,4.743435101780682,4.976699462698065,5.132472930495972,5.433268182977553,5.3924410032082,5.12752951687666,5.060343255756539,5.099430139122552,4.818712769997074,4.957674218901721,4.662301211763224,4.472085994684987,4.380548894324688,4.779479107569577,4.9533294586300975,5.473531105908565,5.428797666762753,4.943088274287173,4.856668247079401,5.083861780915138,4.570053753435582,4.409518228318245,4.393230647773267,4.361490565302535,4.350815700120931,4.311872545814794,4.4181465608398565,4.647032894832789,4.379067921385848,4.312326077996009,4.247040232888101,4.138052085952701,4.104774623714414,4.029482490473526,4.0787680791680465,3.933098364931708,3.8206739009354744,3.738589209740399,3.3489674506273848,3.2104728834262755,3.1613617467298205,2.899089987715924,2.944427687912014,2.9852958762546575,3.163897551864742,3.599190585598248,3.7527080776630695,4.016529352110341,4.1375949243302665,4.316152744301803,4.017378290871482,3.7351797934996,3.5813408663719914,2.999288518051525,2.774389823008384,3.010490035309221,3.192055095775028,3.134857002667835,2.918787182753973,2.764079798307564,2.704702298505755,2.6071460815411394,2.324806498137854,2.2815065595422253,1.9528346581322742,1.888374393884023,1.9581512278289699,1.930187303231144,1.7903316464633792,1.6770898868558313,1.9632383912269542,2.0232508350744203,1.7861447521545262,1.6512977117083671,1.6941896942720926,2.0732483041028362,1.98945605382373,2.1695326611585584,2.2738746660157054,2.1093234906716054,1.957820843498694,2.13027154427495,2.0907423930469373,1.8742328583057464,1.840345296691724,1.8117317073442862,1.6553305084841472,1.557976237011075,1.4405030176727855,1.3462719528378735,1.2805738414316898,1.2338168359520614,1.188745246723427,1.125131294001943,0.9758095888442323,0.8777778926613314,0.8674705338386282,0.8634915052897445,1.1544911133691411,1.2791435224072756,1.1723033488425738,1.0971847248181443,1.119345799819095,0.9799404394529564,0.909460028837518,0.959990216511692,0.8862026395284255,0.675102449762464,0.6551184365863079,0.5966452105441848,0.6181034137779389,0.5227241360744711,0.39184373918178117,0.39972580831849536,0.3981480319482913,0.5087625198919532,0.6690948573136271,0.5963187072467255,0.5995255894655613,0.5613292752424157,0.6922415353290651,0.5844580640922411,0.705228048434418,0.6588021990532449,0.8817539602097937,0.7334293144843405,0.7208118715574556,0.7705192178943032,0.7244957138569958,0.8056731300367115,1.0337776983193225,1.2375439515611917,1.1234907594022197,1.0798660578630805,1.024381165243706,0.8912904740489774,0.840378574316049,0.8500380951573652,0.9598219977523266,1.0161454036937385,0.9283900567781658,0.8457828370064315,0.7153564915294384,0.6546644314300326,0.629338226135735,0.5796508804149371,0.47041019914127036,0.335754431511208,0.27498599194022555,0.06701339422677798,0.1377624481558617,0.2717157473127476,0.3976105381358269,0.4506282941230959,0.44442757480221107,0.29034788215861995,0.2664321749141315,0.347354344094166,0.22880655724185728,0.3219817526862768,0.2546838010072924,0.24312576089732596,0.2102216289695652,0.1456044573157511,0.1626752440369429,0.18690865254041333,0.1953413500807386,0.29204921181343246,0.3167712481824806,0.3494091658819837,0.43472424108289753,0.4040313945467512,0.2854056968426574,0.1881654912116727,0.3407473441593344,0.5215267339626406,0.4659194234675217,0.43858645752606285,0.6852605416199518,1.167417026707758,1.2938129587813292,1.945134832336187,2.13784874017733,2.614422638952555,1.9673365459484395,1.9011289443930455,2.7794124748440963,2.966125379577276,2.8868559059410854,2.958820421663937,3.025207996694379,3.2388850471021304,3.206948977200417,3.1044555866524095,3.027764134625724,3.0736304067438245,3.1810235859544305
5.070987373002069,4.926090253069637,4.789806256646385,4.551958384986692,4.497906660200238,4.518078411745179,4.682992236387745,4.437034727810129,4.256237140582553,4.11976239692531,4.1287827299756215,4.146810469920644,3.966638731039105,4.143946756825939,4.364861582333608,4.222206038113013,4.206884551318132,4.392847342587457,4.567186258979225,4.856851581708421,4.8781495897759894,4.862417850050533,4.875531313637722,4.718307513510844,4.57369741865817,4.591211923142902,4.556773870857786,4.63326251104629,4.884463766562869,4.91295524350606,4.778475520549623,4.997426423144265,5.138356881093095,5.439469803798936,5.400709321255848,5.201730185953137,5.147819384895927,5.183510103451937,4.962157396279119,5.11069398476822,4.88386038252495,4.8260785987321295,4.686633350222016,4.970813671789555,5.079025658640372,5.479250055675598,5.4487752435292,5.0724494823764985,5.048769712110229,5.460384112120755,5.093157772551354,4.749905218967687,4.838367602395319,4.943824516810098,4.8723116212848465,4.83257857101456,5.0009985754932025,5.229200258566765,4.966079826495269,4.7996205749972285,4.794377087430152,4.680650948592085,4.660571192717977,4.610025937402513,4.6673806531544955,4.5305942338581975,4.462645489562772,4.4238601391634464,4.0557619047264,4.004557291902697,3.8571375250746156,3.5500973721018445,3.551334691984458,3.549680768999316,3.7550990791430574,4.330340251499601,4.406379780917195,4.554868648887668,4.611997914401819,4.757197997990816,4.437559262212621,4.241671582802487,4.123259963071138,3.626848804023342,3.331161233659575,3.5597965066708097,3.782619091149013,3.813062802400248,3.619785338884085,3.490107001792374,3.4171645829895034,3.3044522980560793,2.974982619344198,2.899842787746826,2.604475326558872,2.552739689457521,2.597122138745714,2.54096756346945,2.3882068622179986,2.26710462727955,2.5147000418503946,2.565852740500513,2.332823185812236,2.140404314887279,2.208067509629216,2.5900096651061757,2.547755927395686,2.741553630732149,2.8740863200436584,2.695972177027935,2.5564003932467174,2.74333906935559,2.7035131483144292,2.46346693292705,2.38811739845531,2.3264849072466136,2.152551854063929,2.045897999527929,1.8768081710237279,1.728805578245512,1.6663896116076269,1.574666500787347,1.4946812845270858,1.3831723289714462,1.1842727825405985,1.0957348182802031,1.0547473372145506,1.0249061747337387,1.4512017696362096,1.6958003221258393,1.5516883284792131,1.4135359131469967,1.440258664675753,1.2989169006095522,1.2646016862563059,1.3262023908015605,1.2413299991039082,0.9715276358039029,0.9403333364919475,0.8705228658127425,0.8627374466662179,0.748812215881077,0.5912320159156973,0.5817288707640988,0.6043879265408638,0.7259480866561853,0.992060140040178,1.0265942479592942,1.0222990155403155,1.0202347305615098,1.1259563325790622,0.9948453176251234,1.1044668864273988,1.0288460024601076,1.300329199432399,1.1415193736687723,1.1303412451467227,1.1842466709863178,1.1249010309404683,1.1706713910292799,1.42224022040515,1.6711814294820748,1.5242553372206984,1.462631540332271,1.4214247860601008,1.278691528899796,1.1919210082640834,1.1917617072071354,1.2984544888263543,1.367105294390947,1.270983560994249,1.1455457702557759,1.0188295615142875,0.9070438442103299,0.8469518678405937,0.797361489376682,0.6846895983698889,0.5189735288231988,0.4453464368426502,0.18149545777126663,0.24175447859172416,0.38256042995187023,0.520092922109146,0.5844348688277594,0.5671188007316934,0.3797923258179713,0.38553092359660535,0.4641650024333699,0.35250509069627123,0.4351746101195867,0.34743942644118075,0.3330845602285232,0.3009508735317046,0.22375811152380054,0.23754348614391296,0.25108283412371823,0.27260770185752936,0.407431006291869,0.4593743196902651,0.5085744847609589,0.6191056783251521,0.5732978266445619,0.42036777820450166,0.3130000725285741,0.4925201172078994,0.7000620120719627,0.6351517462615417,0.5781029711717165,0.8654963862960635,1.324175352239993,1.4567250630091901,1.9969326385614976,2.235855802279632,2.6672485110940873,2.1929157700755857,2.068464922819452,2.8884566370284137,3.1952143124670807,3.0477581010820174,3.02470725420935,3.0851777503186626,3.2828625607722985,3.2403935592590476,3.172890750980775,3.140117677362761,3.1163244432847335,3.2010961632734785
5.37248850990143,5.266448677550347,5.1350915518667755,4.8653974260101736,4.772831863512479,4.7628373626719425,4.951253707398948,4.723275225933822,4.563858823493831,4.435067526594503,4.424602081021478,4.4180547449653975,4.207269686648449,4.353426680279989,4.573727863646747,4.388485185137732,4.340827297318134,4.50954120866855,4.662313084576563,4.983425166937337,5.038257572461244,5.003673810297739,4.997136177069663,4.838583126026952,4.664914331901336,4.671948589942572,4.610928828839913,4.67319797523399,4.932970584658405,4.970805736743404,4.839469342911894,5.047492992289527,5.172896962916974,5.4725482839245565,5.433475472524233,5.286485708438093,5.24939201684527,5.288902053454672,5.127056481119691,5.274410821061057,5.108597821047827,5.136659744240863,4.996388448737456,5.182147583737002,5.263273702405659,5.554331175467835,5.520606579571085,5.253333078016695,5.270003267826416,5.62854378491085,5.439206263535173,4.9991030615261955,5.180119823696398,5.374971822381237,5.281007556116116,5.249089708914125,5.44804289681953,5.6559826326118845,5.415274832758264,5.173793009403845,5.211311769643059,5.11049444091277,5.101548674123746,5.063697784037908,5.129793701974661,5.004297951804274,4.960673098903072,4.959086006297753,4.6332501982446725,4.625386138256535,4.425769728059104,4.085997348072772,4.048364906170133,4.0275547187351,4.250551693916169,4.882403929278974,4.907372531393904,4.967768438331509,4.960889784231005,5.067846689501762,4.7562440656525,4.654602177411164,4.5636193989611,4.152231788189741,3.79379299668335,4.0205410663575805,4.262027595158455,4.308516275779439,4.170764148746837,4.083326530165887,4.017813451868664,3.906148370105917,3.5375573073886066,3.4309336736949168,3.1929710917871907,3.1550208861668456,3.199881528834373,3.123773697658774,2.968823079056546,2.848771671959474,3.044651497129007,3.0897297921827054,2.8793633685353246,2.6416164440512526,2.7273691886944516,3.08532733758696,3.0809127251265727,3.2689087399098575,3.421014773679175,3.246423827316557,3.1305161529333554,3.3132117927020497,3.271991852951897,3.0291395587286756,2.9239048849031817,2.8356587937580198,2.6543905143827486,2.5453429852070903,2.332148229480429,2.13202541044281,2.076810738506931,1.9411135485559052,1.8294204506957634,1.6702258340883744,1.4292386975805182,1.35026893128891,1.2675523429774962,1.2005791310903247,1.733776085715151,2.0778240978544122,1.9233882984620434,1.7365884941623564,1.7688633197044867,1.6389777874589262,1.6453062835350916,1.7127231457427816,1.6187184804521435,1.2988021233674238,1.262563976729499,1.1850272021554507,1.1473947466825365,1.002867785092882,0.8277363443546377,0.8031115943291116,0.8497842733455648,0.9698397550705373,1.307601199906341,1.441862792550966,1.4416580043437415,1.464589757571585,1.5374824390488597,1.393145541004432,1.4984090825672878,1.4030784758444355,1.6921204959757576,1.5333025376709515,1.527140418302223,1.5773312703380074,1.509982802864647,1.5120863417169679,1.7557341675744478,2.011599657199924,1.847205076853558,1.7786863210233308,1.7526211568473233,1.612485609224334,1.5004002459007266,1.4938529352753425,1.5937464507689498,1.663078258901815,1.5685223747540593,1.4115538727484394,1.3065095611122335,1.165954024669445,1.07844072726938,1.0264398985470118,0.9216933752800073,0.7259156568626426,0.6355024225582304,0.3214907873122552,0.3754592078046305,0.5163105978199938,0.6592931233391539,0.7342103895739979,0.7032945581341787,0.5039261953082403,0.5089854063083296,0.5979755833406013,0.5097046076546523,0.5736176143488123,0.47130968977716464,0.45464171540987686,0.4296006714262911,0.3425521470787247,0.34739018231724195,0.34556288392546763,0.37244127975603114,0.5427254970222776,0.6229045248817497,0.6861641834147106,0.8172659329800953,0.7568420435826203,0.5754765675891238,0.4600523443682829,0.6575811060357672,0.8751652906005808,0.7906573854334018,0.7115296649510718,1.0108034249810154,1.4080245172059052,1.5491239258295513,2.008864562454636,2.2710732421550794,2.7149122081398187,2.3736416208389572,2.229772909583807,2.9558628324015137,3.3791610401565304,3.176759835395115,3.105276386240968,3.157031907780906,3.3370931310524345,3.3124617308507003,3.2888270383095723,3.2812421389666255,3.224201699189279,3.2910881591972876
5.77455709615368,5.718005282682794,5.59905480217995,5.303749476612509,5.162055836576894,5.089896955352142,5.3082436148188155,5.126811203059999,4.9962761635421895,4.840327207331977,4.831725084558608,4.799910276805987,4.571112391504686,4.674455767733583,4.862779310075886,4.659136216582862,4.573838214858512,4.712281042121855,4.842659990696291,5.1843403073605945,5.27231375444031,5.237592047567199,5.2082865876781135,5.051006860806103,4.844063345329477,4.810651803190204,4.727001959391065,4.772221829120463,5.0328395987787875,5.0769919498513545,4.972160095391937,5.17202762842499,5.271107895130113,5.56466867797403,5.517923839930351,5.4365342701016335,5.44141520422742,5.483647220366256,5.408940934926001,5.537017778981934,5.465358031349286,5.57265077444004,5.497428663250297,5.553609091900519,5.618904703139595,5.7417304701060505,5.715897083012722,5.598296227853394,5.658485154304595,5.735006477016421,5.784351812896443,5.31048236720418,5.6513507303949115,5.93181731793201,5.850537103117926,5.8348601264462,6.0526430025160405,6.1913241425394165,6.0070021434732475,5.661284967934938,5.75512647273664,5.698881145780836,5.708924084625249,5.674112333062769,5.752730753111647,5.658795068113687,5.631588256889783,5.63220620502266,5.3976834743881845,5.347019015216723,5.146601845729604,4.7668147959010465,4.681993550885977,4.6701987505458025,4.905860612375704,5.480740847694225,5.48954421216782,5.485589577977272,5.378131675650643,5.417917106580434,5.164315689962571,5.204433445343486,5.131720678336725,4.846509715534857,4.4164974949224955,4.662030800017819,4.892140354926033,4.829576238958551,4.831256793335856,4.821307271680458,4.813048784716756,4.733451850838717,4.306223302027542,4.150944509269657,4.044186252797111,4.022945506981592,4.139223785716658,4.052364872388596,3.911479509977659,3.8061103461280656,3.911095193200101,3.9613441164473944,3.818020450199301,3.5355936627415048,3.633688481807556,3.9116851710428557,3.945880315425277,4.085861173576493,4.254251107165384,4.11804525825936,4.057314501883143,4.190380371189091,4.142255938370212,3.9317984749746704,3.8039013500697,3.691250720494521,3.5160131388769624,3.4221362416103926,3.1530661382903005,2.868733281840214,2.8358386538353066,2.6302691929909465,2.475533186582992,2.2352439455649957,1.8995125068112266,1.7896046343017056,1.6262747981592904,1.4958332933647687,2.1652023689161775,2.617787566751059,2.528339116986267,2.3079081554014165,2.3511777263894444,2.2126063806870766,2.2862725765508545,2.3494894669530524,2.2477244370110325,1.8628732923990887,1.831809304167421,1.7278430936840536,1.6748475580091544,1.4495387639748034,1.2586726474956451,1.2191464152665676,1.3052087868495625,1.4210155015527002,1.798738889387282,2.0382756705883924,2.0688344848492983,2.1164499985574934,2.1457109044701737,1.9855569020592496,2.107350514325681,2.001469898611272,2.2751891098236117,2.123291490240188,2.1333616924563206,2.1740455185977083,2.1023945366438404,2.037839449165726,2.2265759698347525,2.433670280910307,2.2660305880789204,2.2037258509736573,2.1994224051021103,2.080349458944988,1.945812064854571,1.9355680187721815,2.0207623006962647,2.073183978569399,1.997530818777621,1.8093874486069437,1.7456324805527148,1.5988475613755904,1.4900219038771974,1.432359467069426,1.3475570960233811,1.105487331580937,0.9901714016527677,0.6019940913899038,0.6534123503692499,0.7864998011983714,0.9298088881126645,1.0174921282308185,0.9674003700470086,0.7752215848781758,0.7233033280334228,0.8415670366798774,0.8003904807822451,0.8448577232189778,0.7291407566656327,0.7104247702281814,0.7006554305415009,0.6005659463970703,0.5866070160280095,0.5585913848314723,0.5865059668878552,0.8140960671193402,0.9435902706674324,1.0266223554972984,1.1839982118232746,1.10060454715473,0.8813647837756536,0.7495125376271945,0.9664612372412946,1.1702786494811765,1.0280613347234204,0.9172130081731925,1.2008935912197705,1.47358506772919,1.628734541648762,2.012097864352344,2.2888412654720214,2.7928059832719003,2.588999516472331,2.4451006038112473,3.018218614110147,3.5766155529448462,3.2991883352320586,3.2049379213077924,3.259470939763195,3.4165966936394825,3.4398339419795443,3.4881534129431198,3.5142376555672015,3.428777139812006,3.4685929532068114
6.075224038453319,6.039287196633744,5.927829043914617,5.635534348592076,5.465546235253898,5.320883652626156,5.558355380283736,5.433557117653171,5.294632498423649,5.088922242598903,5.1129407365783965,5.07417935339695,4.872548846482765,4.925768298643563,5.0396303029347145,4.863687676952931,4.761807390658342,4.884797399278357,5.001677776398637,5.329770499863713,5.421769355573783,5.414193621066012,5.3879313597821366,5.237839435274191,5.022251181007475,4.928827324678387,4.853010988954813,4.895255801084675,5.136999170912334,5.17459855424268,5.118737993924142,5.326976582014542,5.404771367096389,5.685225721087823,5.62125174518903,5.573548236624763,5.633179676352276,5.655729246113749,5.643439654069223,5.742026583217616,5.750728331545696,5.88197596794182,5.919882238960353,5.893460553233872,5.927982047531973,5.911530490695588,5.939792950325947,5.902623274529981,5.997656765221818,5.759519574197267,5.932287714169782,5.471642658786237,5.974558942032637,6.252328319309957,6.243747038891691,6.245287800205654,6.44491862259207,6.476295916832374,6.358717400710146,5.950657657260379,6.082902631622694,6.088777942083638,6.120773398600926,6.071006688792423,6.1500408645056055,6.0995968278164145,6.069449336140741,5.9502414144566576,5.813469258044785,5.549246959244385,5.440500226874175,5.044595783168395,4.947432824565611,4.981277126932863,5.196624463330764,5.560575688738448,5.641862250508693,5.7221067721368595,5.560036475405193,5.558664483996957,5.404835506940964,5.514720106227548,5.416622787071308,5.203792150710692,4.781962169419874,5.05496095805198,5.214181202186563,4.916390926499681,5.0596171773502405,5.085401731126673,5.166549521808401,5.143841142143474,4.683952561413022,4.508231520455498,4.548460414569545,4.517166632643781,4.794443224793665,4.739366661804886,4.63541522647993,4.55785951215143,4.607734002838391,4.6941989137257085,4.6432198713630495,4.388717317576001,4.4602879838745135,4.628341810203883,4.628957907967296,4.674132652130243,4.833436798108663,4.77874022880786,4.7786623239546335,4.8023317126859855,4.743578917549046,4.6075796801876425,4.504632552538338,4.409477270017541,4.265872735962656,4.225490053737589,3.947711904619106,3.6005528483716,3.607630695988762,3.3562363394838757,3.1929973086417753,2.882831884235194,2.392497456036664,2.165460273223591,1.924524873656916,1.747528464770657,2.488160491885269,2.9698096426838307,3.036688239313638,2.852659386166666,2.9106679705523133,2.685898894294351,2.8102827987668926,2.851903223786878,2.7535949506621114,2.335678370309136,2.32469175197302,2.1905816442165715,2.168283108328211,1.8357910189278728,1.640232026718221,1.6043528180599436,1.7242903351136034,1.8552823956598357,2.170826180207966,2.4144445326476953,2.4919105950640645,2.548007470668653,2.5643514724607135,2.389821551126049,2.5534575045799848,2.4639417625761366,2.6913382550099545,2.5429681501779138,2.5745879193903733,2.6131141358335768,2.545921570692029,2.4477460336113994,2.564694006206069,2.673992775610934,2.528639862701719,2.4881628263752944,2.4951318697546103,2.407227760439591,2.274680973166274,2.2688336464096563,2.3385830319270715,2.355991214014365,2.3142672762906673,2.1250264040750455,2.0766298235947938,1.9676787815604155,1.8799291882552764,1.8226346371630406,1.7441787880580277,1.4716820432623112,1.3565238713783812,0.9138665592549624,0.9688214409789865,1.0924509645961709,1.2274399779048486,1.3098964397437125,1.268158947205031,1.0906409014140228,0.9261518775572413,1.0688197827694321,1.0558028561792945,1.1268766770521859,1.0107683073010076,0.9947023200244058,0.9889934638889233,0.8773625580754253,0.8510989314129871,0.811346068666305,0.8518716927045006,1.1275218861757936,1.2999072355542969,1.3935142795925053,1.5592382634436646,1.4603244002168625,1.224330294343045,1.065166637411245,1.288961656094764,1.4313691225807093,1.2051018995460057,1.0722194943950167,1.3234462525119115,1.4935093694739838,1.6498223623477901,2.0122577902989267,2.2917581604370394,2.848425590177116,2.6994406600218426,2.5631219597591697,3.042983263804497,3.613995200985797,3.2840880189119743,3.206964669507114,3.3112866585861265,3.462068141311885,3.5265773020341937,3.6305221068361377,3.700218554637857,3.60213574454837,3.611595434935383
6.2426270259989,6.199675824028757,6.084661611235866,5.808932958091058,5.6298464347485115,5.425298278024808,5.667400280976505,5.58576792711394,5.371413823169906,5.166644650283974,5.221457012715701,5.182096173362039,5.033673235929074,5.05380362673886,5.094848832478988,4.947721827596414,4.842339056277154,4.966015778614532,5.075424549993583,5.385335911689152,5.470474613783326,5.486497335809789,5.480389404375249,5.337940827417759,5.134254169041892,4.989959555287832,4.9408966355124555,4.996441541178406,5.206161311145065,5.229886252492157,5.223887366781478,5.45378296400013,5.525154350303492,5.788659872063391,5.703218334279402,5.653120061744362,5.755262966525764,5.742311111897399,5.758037008432719,5.836031048603134,5.889595045138707,6.017566442052834,6.149067706361322,6.093371610285635,6.070865351924459,5.984268476256254,6.075108158004392,6.0483597451995355,6.173836608619764,5.762588526655726,5.965611284656706,5.279883799260638,5.874195797594137,5.995753512866218,6.135095217299375,6.155919657125615,6.302917599164902,6.2788903062611094,6.1672097283705725,5.8416889257502636,5.983704860300893,5.992428772025336,6.048165589287267,5.989950657509061,6.027059147433908,5.96699204277037,5.9199931350165365,5.66223428089792,5.6414321022534555,5.124866558892689,5.082929676635988,4.72385105409999,4.646003848494099,4.6796131111921415,4.805797369176455,5.0504984693344195,5.17886890782213,5.4169363114444735,5.351924106071078,5.435353920615073,5.347617020471658,5.406084731519723,5.286635383113378,5.040037121600758,4.739054251280666,4.925707795596658,4.976515578543157,4.565142806673635,4.685368625926347,4.673521071733424,4.731332367430031,4.716543422168224,4.331442647599326,4.226227786443639,4.333643391863095,4.239844889849902,4.581707773267603,4.588907654091754,4.534984956986957,4.487867529727146,4.572526482044282,4.687380973219151,4.700813124364231,4.5801966492962745,4.583855635652986,4.692673135112161,4.56528164430534,4.542044000406223,4.678117941842538,4.710905251963151,4.734974641955789,4.659211466213947,4.613466455378461,4.534719874765483,4.483608525188229,4.434412563031907,4.334051358788756,4.3826910835263035,4.189792721770908,3.8584616271592562,3.9132753792973594,3.695402322821441,3.607315940640765,3.2906683509136245,2.698044848363039,2.3595494581599086,2.0732351425696285,1.879154874827018,2.625370846271652,3.091284304518658,3.188945480587541,3.035749465923156,3.1150450450924523,2.9012521007788514,3.0445988223992355,3.0652620952764495,2.9740409206025613,2.5531756468565594,2.561231862271785,2.423751567327679,2.4338913797010813,2.0234161409419213,1.8260026737943635,1.8039002446118684,1.9416680481013473,2.1035110323450636,2.3280398611840383,2.5299817186116087,2.635418564064029,2.69155809626592,2.7144783416189036,2.5314097003422873,2.7271923524016284,2.65845684836135,2.852126675747911,2.701105112007484,2.7462342208372332,2.7901600130219593,2.7286011045630447,2.6335643732007403,2.71158164302497,2.7405059075723144,2.6207349856101336,2.6001957544711014,2.605477094110415,2.5374809444795665,2.420041441035342,2.420626333603703,2.479133311617673,2.460812335866457,2.448278965820055,2.2828642432606516,2.217815320180155,2.1513331895426777,2.108583007504853,2.0620953574177925,1.9651938851693458,1.6885246495337622,1.6087292120720191,1.1466222209345212,1.201528748959739,1.3246308395782922,1.4488802735006705,1.5009790138654433,1.5142049110580496,1.3200742754936685,1.0498719710263782,1.1956613523705901,1.179009743812599,1.3118900060965626,1.2004137717179386,1.1918656072276879,1.1696886569800518,1.048093076619309,1.024468241726714,1.0013822316005032,1.0762231738495054,1.3586620017037723,1.5321277106344546,1.611231208587215,1.7480836131180522,1.6556606838014403,1.4476745943184899,1.2600352952146638,1.4688539009844586,1.5025694799941407,1.2347307851333116,1.136738455757612,1.3698485090046657,1.4965287421416262,1.6381806194734747,2.01225948164603,2.2919610414779497,2.8664790799451003,2.728608109346667,2.5938108364523877,3.0476799881981536,3.444324261006721,3.114066344794969,3.0310979038604566,3.236376364930005,3.4100210270423217,3.4766834199240533,3.586711284554612,3.7130079109267293,3.6269763325620064,3.604731863030621
6.294285675815569,6.241451151201195,6.121098424055155,5.85382519020286,5.672612891307672,5.441333179571041,5.6761741408646245,5.608056286513527,5.2812014564337915,5.160806482842057,5.224201749738587,5.175604534307075,5.054014910996504,5.091840590367971,5.099870079539379,4.95975660609145,4.853456117466343,4.97903381179734,5.086512340100279,5.392202690262316,5.475216586671786,5.4963680382577405,5.499529857572808,5.359436083220372,5.1651358260457645,5.0026519918395795,4.969040258151702,5.039064522757659,5.226690853183337,5.242738855814311,5.259689012319374,5.505844095081914,5.582396645076438,5.8348479568043246,5.735361764941759,5.673500964965996,5.789700095578562,5.7583330655774585,5.7792158987014535,5.852073957420279,5.915822488749658,6.04049897378707,6.20376979321864,6.1495118602804375,6.093033883417988,5.993976188615033,6.104307241281413,6.071940211616063,6.209584667128386,5.762729377816418,5.967811015469161,3.7748952417810338,4.091969091224231,3.771364681143162,4.118510589472281,4.201122872398864,4.41088891336466,5.0613062370636825,4.470646508768555,4.821826540992588,4.996592705018205,4.446721680452334,4.5304304612051585,4.663586994576983,4.444482207917137,3.827512006016112,3.793071272954027,4.4862378320056315,4.880284941652907,4.4897798490714695,4.2904222222975665,4.0592278050552455,3.9718062077039504,3.793472857966888,3.6545304990992067,4.381252523469399,4.265180382992167,4.137974741765918,4.518420418669938,5.089321582059645,4.774837631148318,4.767899043257691,4.8815712602066945,4.492288593758991,4.361119448622677,4.051586514038944,4.034145079853135,4.10402727605064,3.8335514438138767,3.9355802702742713,3.5926579848792755,3.4144292842545574,3.3426991215757007,3.468106118008929,3.4537186379546463,3.2537104684486504,2.9047726105423504,2.8616063637921423,2.8359829356853123,2.8094893682841304,2.8500094827370326,2.6163157980862,2.5430527253749466,2.4154560247126353,2.527290992577017,2.8060177964859068,2.8292578187882773,3.1009310001415953,3.3041993646204313,3.2744766223410213,3.2318704086657593,3.3833158831223957,3.4735103269417844,3.243609076728135,3.0611298599554013,2.843378981211803,2.7034559049618667,2.7428299723761604,2.7020409945978034,2.530494187922434,2.551973517894951,2.4917667223382587,2.569201369243167,2.3741734044694827,2.5009643921300913,2.398824583908745,2.101916687058302,1.9062881741631015,2.64548001888752,3.103922683722734,2.5907652602981344,2.1957993159987303,2.2570985515109783,2.9323809534241834,3.0774753832499804,3.093037760477616,3.0036693002355,2.5849035070941184,2.597972878039303,2.4677730394519832,2.48350760557292,2.0541129116800194,1.85520836364299,1.8383565235865305,1.979602333445745,2.1548805604154566,2.3498616663851335,2.539200881262305,2.648767499298738,2.704511899740829,2.7298452895356116,2.545374009310195,2.747237027549926,2.683663140882353,2.870882967834801,2.7185230589216722,2.7660331533965294,2.812155757642044,2.751950141205154,2.662149171139001,2.7347411139619657,2.741181651954652,2.6297633908529368,2.614852954003303,2.616312357409874,2.550276425010356,2.4400285030869426,2.4418281869724257,2.4953758171007596,2.4615716682265063,2.456291679233254,2.3102784078131546,2.2375280412994494,2.183080669056375,2.160289990288554,2.121492141338634,2.010278547067407,1.7377451243523756,1.6861460440497806,1.226807212260827,1.2765511824512108,1.4046503462686424,1.5239487254673094,1.5222195624502162,1.61726863576111,1.3893882268170064,1.0753035441400385,1.22225127702579,1.1989319633384403,1.3634410149183802,1.2514138262680554,1.2478127465361286,1.2119626830644314,1.0861231161778222,1.0675239183239116,1.0688985128355348,1.0922955453439411,1.2854295798746935,1.3541105344295243,1.3627958096590207,1.4182363723611118,1.3606261387579446,1.2379556295572933,1.1186900058251044,1.2532032575444982,1.1771967816825182,1.084073949364785,1.1451640999952346,1.3758994842257013,1.4966564738398878,1.6267361637392297,2.012259482559318,2.2919635507339517,2.8679097967847302,2.730975705959292,2.5958923242668837,3.0478691986777013,3.064555491595538,2.8374356421035847,2.4946113056747037,2.7422145094481536,2.9602526320869256,2.9241457469716576,2.8949099982478637,3.047466784317975,3.049232782471097,3.03228547760205
