,0
0,-2109
1,-473
2,-2042
3,221
4,266
5,-201
6,-1466
7,-588
8,-66
9,405
10,1149
11,-39
12,-371
13,456
14,1051
15,-8145
16,-339
17,-2633
18,456
19,-1455
20,520
21,-1844
22,-8253
23,-1138
24,-231
25,1196
26,-621
27,79
28,-202
29,-336
30,-453
31,-394
32,839
33,-14
34,81
35,467
36,-782
37,-1890
38,371
39,200
40,-6721
41,153
42,79
43,-2211
44,-6830
45,268
46,368
47,-359
48,-2230
49,732
50,-1238
51,-2457
52,499
53,-8898
54,-495
55,-843
56,-441
57,1122
58,-1602
59,-79
60,-1545
61,731
62,-81
63,-48
64,-96
65,252
66,-152
67,375
68,85
69,-392
70,-994
71,-469
72,-38
73,385
74,444
75,729
76,-338
77,-285
78,877
79,199
80,-2001
81,-502
82,-759
83,-758
84,-290
85,719
86,485
87,50
88,-451
89,-784
90,-6257
91,-13
92,247
93,-5466
94,-694
95,-226
96,757
97,-1421
98,1072
99,-211
100,-250
101,898
102,-105
103,24
104,673
105,-130
106,80
107,571
108,754
109,-762
110,692
111,-473
112,-7587
113,-1318
114,368
115,-292
116,-463
117,985
118,-1118
119,453
120,665
121,28
122,-209
123,630
124,-1058
125,-213
126,-1486
127,912
128,-2535
129,-2586
130,336
131,-834
132,-764
133,609
134,-584
135,551
136,-131
137,540
138,-4
139,278
140,-553
141,-1447
142,-1854
143,-258
144,-8011
145,-1379
146,141
147,-527
148,618
149,202
150,388
151,-801
152,-592
153,551
154,654
155,-6005
156,186
157,328
158,-909
159,-2250
160,606
161,14
162,155
163,110
164,10
165,-130
166,555
167,204
168,535
169,286
170,-607
171,-115
172,245
173,-302
174,-824
175,761
176,-1281
177,522
178,146
179,-476
180,269
181,105
182,745
183,415
184,927
185,-58
186,-358
187,296
188,302
189,146
190,-663
191,-661
192,-608
193,-1104
194,494
195,246
196,152
197,-28
198,-89
199,-96
200,0
201,-600
202,314
203,-610
204,560
205,-432
206,832
207,436
208,622
209,-1300
210,-3488
211,-272
212,-54
213,383
214,513
215,293
216,-1498
217,238
218,-296
219,-173
220,745
221,-1537
222,-280
223,958
224,466
225,-1002
226,121
227,533
228,-8654
229,651
230,-85
231,355
232,-314
233,-1228
234,-5028
235,1438
236,382
237,902
238,940
239,717
240,233
241,-480
242,616
243,393
244,-514
245,-666
246,792
247,-633
248,152
249,504
250,-19
251,-283
252,-60
253,-973
254,232
255,45
256,-231
257,389
258,233
259,556
260,844
261,322
262,-2817
263,-5088
264,94
265,724
266,214
267,575
268,747
269,513
270,445
271,116
272,478
273,472
274,231
275,289
276,-2298
277,-44
278,-201
279,-7728
280,31
281,-890
282,-920
283,702
284,-8015
285,689
286,335
287,-4399
288,184
289,-3246
290,-844
291,1156
292,616
293,1140
294,3
295,-292
296,800
297,-6566
298,-2467
299,271
300,1137
301,-494
302,-428
303,-63
304,-27
305,-394
306,-4788
307,235
308,-874
309,112
310,345
311,-90
312,-214
313,-818
314,386
315,120
316,-7447
317,693
318,-983
319,-881
320,-228
321,571
322,326
323,-15
324,456
325,351
326,-308
327,-1770
328,-63
329,-274
330,1035
331,858
332,-822
333,315
334,427
335,-311
336,-1880
337,756
338,1279
339,-950
340,-5487
341,-276
342,-839
343,503
344,-405
345,-629
346,101
347,-584
348,863
349,677
350,93
351,642
352,965
353,476
354,551
355,414
356,930
357,589
358,55
359,7
360,774
361,1103
362,-2117
363,508
364,176
365,-1634
366,1410
367,271
368,-1165
369,-832
370,756
371,-800
372,-279
373,-269
374,847
375,154
376,531
377,476
378,482
379,-1188
380,84
381,310
382,549
383,191
384,-1315
385,-615
386,-41
387,-4
388,15
389,-187
390,-7922
391,121
392,-448
393,273
394,-811
395,-298
396,12
397,-416
398,430
399,462
400,-1411
401,815
402,370
403,860
404,72
405,-21
406,488
407,-420
408,699
409,357
410,97
411,691
412,-674
413,489
414,389
415,-360
416,390
417,972
418,-177
419,254
420,917
421,715
422,-7403
423,242
424,1554
425,991
426,745
427,384
428,50
429,549
430,-17
431,388
432,173
433,222
434,-296
435,500
436,304
437,621
438,342
439,663
440,-802
441,-448
442,750
443,-437
444,-60
445,6
446,220
447,788
448,148
449,365
450,989
451,728
452,62
453,68
454,405
455,58
456,1095
457,587
458,221
459,1198
460,697
461,-258
462,-276
463,-414
464,354
465,739
466,727
467,755
468,1270
469,543
470,40
471,-2516
472,760
473,-959
474,622
475,1107
476,180
477,-642
478,1371
479,494
480,219
481,-955
482,1268
483,1376
484,-111
485,-699
486,320
487,209
488,583
489,209
490,706
491,-309
492,607
493,-809
494,405
495,-40
496,-329
497,461
498,-259
499,844
500,630
501,557
502,60
503,454
504,719
505,-1508
506,645
507,-1326
508,716
509,1050
510,353
511,193
512,780
513,373
514,808
515,-435
516,1042
517,330
518,845
519,1178
520,784
521,210
522,387
523,391
524,1238
525,885
526,695
527,240
528,507
529,146
530,620
531,507
532,-135
533,-220
534,-15
535,39
536,634
537,581
538,844
539,70
540,809
541,1213
542,-255
543,269
544,967
545,-424
546,-1521
547,-876
548,796
549,803
550,237
551,1036
552,1187
553,-7226
554,1134
555,-134
556,354
557,817
558,33
559,-1562
560,608
561,520
562,894
563,697
564,-952
565,-1375
566,871
567,-721
568,831
569,1224
570,1171
571,-132
572,386
573,549
574,866
575,1046
576,678
577,959
578,888
579,641
580,353
581,-15
582,-933
583,1446
584,549
585,1054
586,-1805
587,368
588,927
589,220
590,759
591,787
592,522
593,327
594,-157
595,-35
596,68
597,1184
598,755
599,41
600,-64
601,1108
602,671
603,679
604,715
605,811
606,449
607,846
608,544
609,906
610,1106
611,-54
612,394
613,-62
614,536
615,375
616,-191
617,606
618,979
619,608
620,611
621,-250
622,520
623,615
624,731
625,747
626,329
627,871
628,615
629,483
630,722
631,213
632,-6345
633,887
634,1151
635,118
636,-142
637,-642
638,383
639,366
640,-1570
641,1088
642,1015
643,-94
644,83
645,266
646,491
647,826
648,487
649,969
650,121
651,-139
652,891
653,560
654,467
655,780
656,-891
657,284
658,483
659,-253
660,1129
661,1373
662,149
663,647
664,609
665,598
666,-398
667,859
668,-67
669,901
670,659
671,843
672,869
673,1198
674,548
675,-11
676,154
677,-740
678,365
679,1481
680,1134
681,169
682,152
683,745
684,550
685,891
686,776
687,-977
688,420
689,537
690,-1237
691,223
692,1013
693,391
694,667
695,446
696,604
697,1222
698,-471
699,1384
700,1169
701,1030
702,111
703,1141
704,871
705,-4983
706,969
707,97
708,277
709,843
710,420
711,76
712,973
713,874
714,800
715,768
716,961
717,-93
718,758
719,495
720,981
721,541
722,984
723,499
724,1083
725,615
726,453
727,1069
728,250
729,462
730,1191
731,1245
732,1047
733,550
734,799
735,1331
736,723
737,986
738,479
739,1055
740,736
741,123
742,750
743,-404
744,-5
745,151
746,272
747,784
748,967
749,1032
750,798
751,1200
752,1273
753,250
754,415
755,219
756,488
757,523
758,1148
759,734
760,-48
761,778
762,904
763,1184
764,1143
765,-103
766,985
767,202
768,646
769,245
770,39
771,865
772,933
773,351
774,925
775,525
776,666
777,995
778,1063
779,1016
780,962
781,684
782,29
783,555
784,17
785,927
786,912
787,824
788,922
789,397
790,229
791,480
792,236
793,-1372
794,389
795,701
796,421
797,236
798,762
799,468
800,1254
801,200
802,327
803,758
804,453
805,1265
806,-1393
807,727
808,273
809,328
810,1235
811,407
812,656
813,904
814,331
815,789
816,1422
817,533
818,646
819,1223
820,931
821,259
822,925
823,843
824,1047
825,543
826,1177
827,1312
828,651
829,1135
830,1087
831,1025
832,697
833,613
834,880
835,394
836,383
837,1071
838,-405
839,517
840,-215
841,1181
842,1008
843,732
844,750
845,870
846,657
847,831
848,1189
849,797
850,1198
851,757
852,1117
853,548
854,976
855,306
856,826
857,791
858,708
859,658
860,-55
861,-64
862,848
863,1087
864,597
865,568
866,63
867,509
868,672
869,1384
870,1387
871,351
872,1193
873,1294
874,917
875,662
876,658
877,-3786
878,1274
879,-2163
880,-1076
881,397
882,75
883,1245
884,786
885,942
886,201
887,584
888,-8369
889,1218
890,905
891,900
892,954
893,687
894,864
895,646
896,197
897,72
898,471
899,257
900,1157
901,1595
902,765
903,850
904,1043
905,725
906,884
907,659
908,620
909,1211
910,1042
911,1385
912,-51
913,1337
914,666
915,-763
916,1210
917,421
918,989
919,222
920,891
921,382
922,888
923,825
924,526
925,-4858
926,988
927,527
928,730
929,1091
930,86
931,738
932,1094
933,577
934,-7126
935,749
936,-29
937,747
938,745
939,1224
940,-477
941,928
942,1148
943,703
944,1437
945,133
946,1104
947,1276
948,933
949,378
950,1250
951,949
952,1396
953,546
954,-414
955,1220
956,1017
957,1016
958,1162
959,-590
960,799
961,769
962,708
963,972
964,1065
965,1352
966,1281
967,98
968,1351
969,1422
970,965
971,1170
972,1146
973,802
974,938
975,1059
976,686
977,732
978,878
979,568
980,507
981,767
982,957
983,223
984,731
985,1133
986,-799
987,770
988,1116
989,538
990,1029
991,767
992,293
993,1396
994,1208
995,1226
996,793
997,837
998,1078
999,1129
1000,886
1001,670
1002,364
1003,919
1004,1095
1005,1017
1006,886
1007,653
1008,683
1009,660
1010,532
1011,1210
1012,734
1013,987
1014,693
1015,419
1016,390
1017,832
1018,398
1019,1050
1020,1010
1021,880
1022,811
1023,1059
1024,1025
1025,1406
1026,1013
1027,263
1028,934
1029,609
1030,891
1031,1118
1032,1235
1033,853
1034,938
1035,932
1036,958
1037,1298
1038,1123
1039,1317
1040,995
1041,1052
1042,1089
1043,995
1044,956
1045,926
1046,966
1047,761
1048,848
1049,215
1050,571
1051,599
1052,1157
1053,644
1054,1015
1055,675
1056,854
1057,553
1058,825
1059,366
1060,655
1061,946
1062,843
1063,864
1064,972
1065,963
1066,705
1067,609
1068,748
1069,1209
1070,954
1071,1047
1072,1012
1073,868
1074,614
1075,664
1076,1024
1077,924
1078,1272
1079,622
1080,896
1081,880
1082,-295
1083,719
1084,925
1085,809
1086,790
1087,314
1088,585
1089,796
1090,966
1091,855
1092,893
1093,1092
1094,1077
1095,749
1096,1176
1097,1409
1098,661
1099,1106
1100,708
1101,1127
1102,1020
1103,1216
1104,672
1105,1101
1106,965
1107,889
1108,1136
1109,892
1110,1219
1111,1369
1112,1064
1113,304
1114,803
1115,937
1116,980
1117,476
1118,1111
1119,1276
1120,1190
1121,1287
1122,951
1123,940
1124,279
1125,1059
1126,1065
1127,1090
1128,1416
1129,716
1130,-246
1131,766
1132,759
1133,618
1134,391
1135,986
1136,1089
1137,956
1138,746
1139,854
1140,798
1141,717
1142,988
1143,876
1144,592
1145,1230
1146,833
1147,820
1148,978
1149,971
1150,387
1151,887
1152,1143
1153,825
1154,920
1155,916
1156,1103
1157,-5
1158,512
1159,632
1160,1073
1161,751
1162,885
1163,694
1164,986
1165,307
1166,883
1167,651
1168,1024
1169,1176
1170,1065
1171,727
1172,968
1173,876
1174,742
1175,1030
1176,1253
1177,967
1178,1025
1179,1116
1180,888
1181,815
1182,1152
1183,851
1184,907
1185,1095
1186,954
1187,1010
1188,562
1189,805
1190,1058
1191,1397
1192,500
1193,895
1194,664
1195,826
1196,955
1197,961
1198,785
1199,-373
1200,834
1201,728
1202,913
1203,946
1204,989
1205,500
1206,1137
1207,621
1208,845
1209,431
1210,734
1211,1138
1212,771
1213,776
1214,1038
1215,1087
1216,371
1217,952
1218,1290
1219,896
1220,983
1221,760
1222,1310
1223,958
1224,661
1225,1126
1226,1017
1227,1187
1228,1374
1229,1006
1230,1268
1231,877
1232,1000
1233,1062
1234,851
1235,1011
1236,832
1237,893
1238,1104
1239,423
1240,958
1241,816
1242,862
1243,807
1244,404
1245,454
1246,1084
1247,420
1248,1150
1249,1244
1250,800
1251,674
1252,1031
1253,1106
1254,-468
1255,880
1256,883
1257,804
1258,667
1259,1163
1260,731
1261,691
1262,940
1263,817
1264,1171
1265,813
1266,866
1267,103
1268,1117
1269,483
1270,587
1271,1227
1272,569
1273,870
1274,890
1275,808
1276,553
1277,969
1278,689
1279,883
1280,1078
1281,974
1282,674
1283,321
1284,780
1285,1083
1286,594
1287,895
1288,972
1289,788
1290,1230
1291,914
1292,832
1293,1051
1294,761
1295,957
1296,486
1297,708
1298,1157
1299,1010
1300,860
1301,658
1302,651
1303,1227
1304,811
1305,951
1306,776
1307,998
1308,1069
1309,982
1310,582
1311,412
1312,990
1313,1216
1314,-422
1315,844
1316,763
1317,884
1318,1139
1319,673
1320,527
1321,734
1322,947
1323,947
1324,1107
1325,813
1326,943
1327,805
1328,904
1329,1188
1330,725
1331,1024
1332,758
1333,1225
1334,756
1335,682
1336,779
1337,689
1338,854
1339,553
1340,858
1341,704
1342,902
1343,728
1344,815
1345,628
1346,956
1347,632
1348,925
1349,1119
1350,1214
1351,685
1352,939
1353,1214
1354,581
1355,1031
1356,935
1357,1063
1358,779
1359,1215
1360,653
1361,887
1362,1258
1363,546
1364,1049
1365,918
1366,168
1367,1020
1368,804
1369,850
1370,975
1371,920
1372,1025
1373,1072
1374,905
1375,1249
1376,943
1377,1030
1378,868
1379,1066
1380,879
1381,922
1382,832
1383,844
1384,952
1385,657
1386,999
1387,1005
1388,689
1389,1122
1390,902
1391,1033
1392,989
1393,978
1394,-5565
1395,992
1396,799
1397,771
1398,835
1399,1197
1400,503
1401,1130
1402,688
1403,979
1404,584
1405,918
1406,945
1407,440
1408,708
1409,942
1410,893
1411,1363
1412,952
1413,1133
1414,936
1415,761
1416,730
1417,860
1418,830
1419,1335
1420,960
1421,1057
1422,792
1423,1044
1424,634
1425,888
1426,1072
1427,914
1428,624
1429,442
1430,774
1431,218
1432,997
1433,1088
1434,927
1435,813
1436,866
1437,1000
1438,1116
1439,1065
1440,244
1441,1079
1442,881
1443,1012
1444,418
1445,363
1446,749
1447,643
1448,955
1449,957
1450,520
1451,893
1452,1022
1453,212
1454,925
1455,1020
1456,829
1457,774
1458,807
1459,1069
1460,1117
1461,913
1462,829
1463,766
1464,649
1465,1333
1466,830
1467,1068
1468,906
1469,925
1470,880
1471,761
1472,1107
1473,886
1474,996
1475,992
1476,870
1477,988
1478,1015
1479,1095
1480,160
1481,953
1482,902
1483,556
1484,1297
1485,885
1486,848
1487,513
1488,846
1489,1151
1490,953
1491,919
1492,1033
1493,989
1494,933
1495,855
1496,1021
1497,936
1498,767
1499,1192
1500,226
1501,794
1502,543
1503,854
1504,345
1505,1050
1506,734
1507,1028
1508,993
1509,984
1510,830
1511,568
1512,249
1513,812
1514,765
1515,678
1516,784
1517,1138
1518,260
1519,1067
1520,1165
1521,946
1522,787
1523,802
1524,939
1525,731
1526,767
1527,181
1528,879
1529,931
1530,1034
1531,989
1532,773
1533,849
1534,854
1535,745
1536,1006
1537,1038
1538,913
1539,859
1540,250
1541,669
1542,695
1543,1092
1544,776
1545,503
1546,1043
1547,590
1548,555
1549,827
1550,667
1551,596
1552,692
1553,493
1554,590
1555,750
1556,996
1557,699
1558,782
1559,881
1560,487
1561,616
1562,726
1563,1011
1564,925
1565,794
1566,757
1567,1113
1568,650
1569,745
1570,752
1571,1096
1572,757
1573,788
1574,1017
1575,888
1576,1046
1577,849
1578,921
1579,699
1580,1111
1581,777
1582,948
1583,740
1584,889
1585,898
1586,823
1587,866
1588,825
1589,639
1590,772
1591,721
1592,1013
1593,867
1594,1080
1595,750
1596,555
1597,679
1598,685
1599,635
1600,814
1601,820
1602,856
1603,972
1604,794
1605,958
1606,1125
1607,837
1608,805
1609,994
1610,622
1611,1074
1612,842
1613,639
1614,693
1615,900
1616,1111
1617,949
1618,946
1619,896
1620,918
1621,908
1622,801
1623,792
1624,538
1625,613
1626,1321
1627,779
1628,760
1629,1049
1630,987
1631,613
1632,734
1633,695
1634,699
1635,621
1636,649
1637,863
1638,726
1639,744
1640,783
1641,895
1642,1144
1643,794
1644,1125
1645,1005
1646,690
1647,962
1648,659
1649,739
1650,1191
1651,741
1652,1024
1653,719
1654,1046
1655,952
1656,611
1657,977
1658,670
1659,513
1660,881
1661,991
1662,815
1663,713
1664,942
1665,851
1666,478
1667,786
1668,862
1669,1145
1670,818
1671,714
1672,1092
1673,962
1674,1173
1675,1371
1676,1103
1677,481
1678,815
1679,945
1680,648
1681,650
1682,704
1683,742
1684,842
1685,731
1686,941
1687,476
1688,835
1689,849
1690,647
1691,769
1692,1063
1693,1030
1694,798
1695,568
1696,698
1697,871
1698,910
1699,968
1700,934
1701,757
1702,838
1703,869
1704,881
1705,1136
1706,616
1707,1104
1708,891
1709,682
1710,888
1711,953
1712,741
1713,620
1714,939
1715,973
1716,1011
1717,826
1718,939
1719,701
1720,451
1721,931
1722,918
1723,727
1724,1083
1725,1067
1726,1256
1727,831
1728,949
1729,747
1730,801
1731,1177
1732,833
1733,1165
1734,1025
1735,763
1736,912
1737,639
1738,916
1739,1001
1740,912
1741,1066
1742,880
1743,948
1744,610
1745,975
1746,973
1747,665
1748,703
1749,949
1750,931
1751,805
1752,844
1753,1039
1754,978
1755,678
1756,954
1757,886
1758,840
1759,624
1760,897
1761,757
1762,871
1763,888
1764,1102
1765,809
1766,1150
1767,1158
1768,659
1769,853
1770,669
1771,1112
1772,756
1773,586
1774,1042
1775,918
1776,763
1777,898
1778,1054
1779,754
1780,915
1781,1019
1782,775
1783,1133
1784,1035
1785,1053
1786,897
1787,723
1788,1024
1789,1111
1790,1080
1791,793
1792,1109
1793,923
1794,1038
1795,834
1796,943
1797,525
1798,915
1799,1104
1800,801
1801,755
1802,1185
1803,797
1804,845
1805,866
1806,764
1807,665
1808,699
1809,932
1810,770
1811,1049
1812,912
1813,934
1814,719
1815,913
1816,704
1817,1312
1818,842
1819,953
1820,934
1821,870
1822,1027
1823,1029
1824,912
1825,649
1826,63
1827,727
1828,821
1829,754
1830,689
1831,1133
1832,954
1833,1012
1834,889
1835,956
1836,882
1837,1063
1838,921
1839,1039
1840,915
1841,821
1842,851
1843,852
1844,1040
1845,919
1846,1011
1847,978
1848,679
1849,938
1850,1153
1851,897
1852,1068
1853,941
1854,710
1855,637
1856,452
1857,956
1858,898
1859,1040
1860,967
1861,859
1862,1204
1863,741
1864,776
1865,1038
1866,1003
1867,1068
1868,577
1869,883
1870,907
1871,1233
1872,989
1873,730
1874,1069
1875,845
1876,902
1877,612
1878,893
1879,724
1880,-7548
1881,758
1882,745
1883,598
1884,635
1885,1055
1886,768
1887,688
1888,830
1889,1058
1890,928
1891,889
1892,1131
1893,762
1894,1015
1895,1139
1896,945
1897,1037
1898,1077
1899,614
1900,595
1901,1050
1902,858
1903,1014
1904,834
1905,843
1906,913
1907,847
1908,773
1909,1049
1910,675
1911,861
1912,906
1913,693
1914,1067
1915,1062
1916,1151
1917,1004
1918,894
1919,792
1920,1245
1921,917
1922,963
1923,1181
1924,1016
1925,901
1926,792
1927,987
1928,830
1929,801
1930,944
1931,928
1932,857
1933,717
1934,1061
1935,900
1936,892
1937,719
1938,990
1939,889
1940,1045
1941,1070
1942,740
1943,848
1944,776
1945,892
1946,906
1947,1003
1948,902
1949,1035
1950,1208
1951,696
1952,647
1953,439
1954,709
1955,1057
1956,937
1957,1080
1958,858
1959,1007
1960,951
1961,931
1962,831
1963,980
1964,1043
1965,1023
1966,573
1967,-2322
1968,755
1969,805
1970,993
1971,730
1972,824
1973,783
1974,930
1975,822
1976,953
1977,834
1978,917
1979,800
1980,959
1981,828
1982,663
1983,742
1984,1001
1985,1039
1986,861
1987,1072
1988,853
1989,850
1990,979
1991,913
1992,877
1993,867
1994,-3358
1995,674
1996,750
1997,905
1998,762
1999,991
2000,912
2001,799
2002,1270
2003,792
2004,773
2005,1093
2006,933
2007,796
2008,775
2009,710
2010,1033
2011,992
2012,948
2013,597
2014,973
2015,1097
2016,1119
2017,520
2018,945
2019,874
2020,664
2021,768
2022,858
2023,834
2024,1019
2025,779
2026,811
2027,798
2028,666
2029,751
2030,945
2031,751
2032,625
2033,707
2034,921
2035,1212
2036,906
2037,1152
2038,1037
2039,880
2040,789
2041,874
2042,955
2043,876
2044,859
2045,847
2046,784
2047,1111
2048,861
2049,802
2050,1018
2051,918
2052,490
2053,967
2054,764
2055,1086
2056,746
2057,950
2058,756
2059,1201
2060,915
2061,860
2062,852
2063,760
2064,758
2065,1204
2066,793
2067,634
2068,972
2069,1079
2070,712
2071,1083
2072,800
2073,741
2074,651
2075,987
2076,626
2077,1073
2078,731
2079,1140
2080,795
2081,1064
2082,584
2083,722
2084,924
2085,718
2086,1123
2087,717
2088,540
2089,691
2090,951
2091,1029
2092,1019
2093,972
2094,1205
2095,936
2096,1129
2097,1053
2098,919
2099,818
2100,865
2101,862
2102,879
2103,1044
2104,966
2105,797
2106,788
2107,970
2108,1061
2109,1037
2110,1191
2111,974
2112,396
2113,1030
2114,1134
2115,956
2116,959
2117,956
2118,855
2119,947
2120,755
2121,1007
2122,1115
2123,1170
2124,799
2125,1050
2126,530
2127,1178
2128,691
2129,944
2130,866
2131,1081
2132,893
2133,711
2134,916
2135,796
2136,776
2137,721
2138,835
2139,914
2140,812
2141,937
2142,1038
2143,1038
2144,977
2145,1109
2146,962
2147,904
2148,871
2149,918
2150,677
2151,776
2152,801
2153,1147
2154,643
2155,846
2156,636
2157,766
2158,1069
2159,860
2160,898
2161,1027
2162,905
2163,914
2164,853
2165,813
2166,686
2167,715
2168,825
2169,798
2170,803
2171,897
2172,644
2173,647
2174,769
2175,902
2176,795
2177,578
2178,1058
2179,654
2180,759
2181,991
2182,824
2183,793
2184,1057
2185,554
2186,542
2187,792
2188,1230
2189,857
2190,651
2191,1011
2192,787
2193,959
2194,842
2195,771
2196,833
2197,1209
2198,1056
2199,952
2200,729
2201,618
2202,569
2203,857
2204,771
2205,1146
2206,999
2207,679
2208,547
2209,754
2210,863
2211,928
2212,755
2213,705
2214,1073
2215,607
2216,783
2217,1078
2218,450
2219,674
2220,978
2221,882
2222,820
2223,913
2224,715
2225,797
2226,902
2227,810
2228,1023
2229,854
2230,1023
2231,706
2232,989
2233,1002
2234,390
2235,848
2236,1013
2237,860
2238,959
2239,889
2240,851
2241,805
2242,908
2243,1038
2244,802
2245,644
2246,1064
2247,1014
2248,822
2249,842
2250,995
2251,835
2252,796
2253,876
2254,1078
2255,822
2256,1076
2257,860
2258,919
2259,701
2260,700
2261,678
2262,1115
2263,1101
2264,987
2265,1058
2266,734
2267,637
2268,630
2269,1204
2270,656
2271,988
2272,739
2273,745
2274,781
2275,802
2276,830
2277,923
2278,869
2279,1038
2280,1066
2281,667
2282,590
2283,821
2284,770
2285,1016
2286,716
2287,796
2288,940
2289,968
2290,643
2291,924
2292,783
2293,951
2294,827
2295,736
2296,736
2297,537
2298,945
2299,349
2300,893
2301,1062
2302,829
2303,890
2304,1054
2305,1374
2306,628
2307,856
2308,943
2309,840
2310,730
2311,996
2312,843
2313,1095
2314,1021
2315,888
2316,881
2317,1045
2318,724
2319,892
2320,992
2321,770
2322,1226
2323,936
2324,1037
2325,1270
2326,995
2327,1072
2328,735
2329,821
2330,896
2331,640
2332,851
2333,742
2334,883
2335,646
2336,766
2337,1255
2338,1076
2339,956
2340,872
2341,711
2342,1073
2343,829
2344,796
2345,793
2346,818
2347,1046
2348,985
2349,1007
2350,896
2351,361
2352,959
2353,839
2354,775
2355,873
2356,1227
2357,945
2358,612
2359,792
2360,1084
2361,652
2362,988
2363,933
2364,774
2365,962
2366,966
2367,602
2368,696
2369,857
2370,572
2371,671
2372,767
2373,841
2374,870
2375,860
2376,864
2377,828
2378,785
2379,874
2380,733
2381,713
2382,812
2383,983
2384,763
2385,708
2386,783
2387,757
2388,795
2389,607
2390,536
2391,918
2392,1048
2393,691
2394,583
2395,671
2396,858
2397,622
2398,577
2399,497
2400,750
2401,831
2402,847
2403,612
2404,942
2405,784
2406,876
2407,1096
2408,625
2409,879
2410,846
2411,820
2412,763
2413,1064
2414,520
2415,794
2416,896
2417,881
2418,781
2419,1023
2420,745
2421,735
2422,732
2423,747
2424,884
2425,924
2426,919
2427,564
2428,855
2429,868
2430,838
2431,525
2432,870
2433,829
2434,805
2435,592
2436,761
2437,852
2438,967
2439,891
2440,969
2441,570
2442,715
2443,512
2444,747
2445,696
2446,797
2447,695
2448,651
2449,673
2450,698
2451,506
2452,622
2453,545
2454,517
2455,676
2456,836
2457,799
2458,697
2459,609
2460,600
2461,587
2462,854
2463,815
2464,714
2465,707
2466,680
2467,990
2468,702
2469,895
2470,740
2471,678
2472,440
2473,806
2474,732
2475,745
2476,787
2477,600
2478,432
2479,797
2480,583
2481,662
2482,488
2483,529
2484,495
2485,649
2486,1100
2487,580
2488,674
2489,685
2490,709
2491,888
2492,580
2493,422
2494,448
2495,590
2496,554
2497,651
2498,469
2499,672
2500,526
2501,751
2502,783
2503,-370
2504,595
2505,897
2506,391
2507,721
2508,548
2509,498
2510,328
2511,844
2512,745
2513,895
2514,672
2515,735
2516,583
2517,349
2518,926
2519,553
2520,864
2521,685
2522,627
2523,669
2524,583
2525,521
2526,786
2527,582
2528,699
2529,671
2530,783
2531,634
2532,753
2533,718
2534,735
2535,628
2536,549
2537,963
2538,745
2539,768
2540,769
2541,675
2542,565
2543,673
2544,585
2545,857
2546,597
2547,756
2548,913
2549,558
2550,694
2551,718
2552,795
2553,854
2554,798
2555,841
2556,800
2557,774
2558,754
2559,399
2560,886
2561,676
2562,741
2563,454
2564,468
2565,540
2566,641
2567,621
2568,1006
2569,609
2570,696
2571,653
2572,799
2573,679
2574,416
2575,718
2576,850
2577,829
2578,597
2579,713
2580,681
2581,731
2582,876
2583,610
2584,708
2585,797
2586,705
2587,656
2588,583
2589,862
2590,754
2591,615
2592,722
2593,812
2594,828
2595,716
2596,537
2597,684
2598,551
2599,580
2600,495
2601,925
2602,370
2603,599
2604,620
2605,800
2606,619
2607,640
2608,633
2609,767
2610,649
2611,689
2612,732
2613,502
2614,603
2615,870
2616,660
2617,811
2618,731
2619,599
2620,585
2621,548
2622,702
2623,934
2624,530
2625,602
2626,737
2627,678
2628,572
2629,803
2630,514
2631,643
2632,544
2633,674
2634,678
2635,730
2636,869
2637,631
2638,624
2639,655
2640,524
2641,795
2642,564
2643,884
2644,668
2645,703
2646,915
2647,887
2648,879
2649,738
2650,573
2651,601
2652,845
2653,757
2654,581
2655,830
2656,690
2657,499
2658,779
2659,564
2660,987
2661,664
2662,889
2663,849
2664,647
2665,704
2666,756
2667,756
2668,756
2669,798
2670,704
2671,560
2672,879
2673,821
2674,567
2675,859
2676,495
2677,641
2678,721
2679,908
2680,863
2681,546
2682,715
2683,507
2684,792
2685,730
2686,915
2687,747
2688,658
2689,665
2690,693
2691,766
2692,719
2693,828
2694,825
2695,583
2696,523
2697,531
2698,539
2699,649
2700,691
2701,738
2702,590
2703,702
2704,836
2705,613
2706,710
2707,633
2708,1011
2709,614
2710,812
2711,731
2712,659
2713,776
2714,696
2715,715
2716,836
2717,646
2718,514
2719,640
2720,843
2721,658
2722,444
2723,821
2724,798
2725,618
2726,694
2727,703
2728,722
2729,783
2730,629
2731,768
2732,586
2733,656
2734,503
2735,767
2736,706
2737,580
2738,768
2739,834
2740,976
2741,489
2742,548
2743,778
2744,855
2745,791
2746,752
2747,1017
2748,682
2749,762
2750,570
2751,697
2752,879
2753,558
2754,868
2755,566
2756,761
2757,763
2758,638
2759,791
2760,753
2761,719
2762,701
2763,831
2764,684
2765,699
2766,643
2767,785
2768,657
2769,637
2770,678
2771,481
2772,683
2773,694
2774,779
2775,526
2776,370
2777,760
2778,604
2779,786
2780,508
2781,561
2782,511
2783,630
2784,522
2785,794
2786,747
2787,702
2788,610
2789,651
2790,899
2791,767
2792,646
2793,803
2794,542
2795,653
2796,733
2797,708
2798,830
2799,411
2800,625
2801,514
2802,459
2803,623
2804,840
2805,540
2806,641
2807,728
2808,573
2809,670
2810,801
2811,663
2812,609
2813,471
2814,822
2815,718
2816,632
2817,684
2818,603
2819,578
2820,646
2821,502
2822,636
2823,588
2824,803
2825,1003
2826,595
2827,445
2828,706
2829,795
2830,560
2831,600
2832,481
2833,643
2834,661
2835,570
2836,748
2837,556
2838,699
2839,668
2840,574
2841,742
2842,787
2843,621
2844,695
2845,484
2846,492
2847,704
2848,762
2849,734
2850,875
2851,716
2852,740
2853,596
2854,456
2855,583
2856,663
2857,770
2858,489
2859,618
2860,768
2861,556
2862,375
2863,894
2864,951
2865,519
2866,599
2867,498
2868,760
2869,866
2870,666
2871,495
2872,419
2873,645
2874,677
2875,491
2876,723
2877,556
2878,790
2879,671
2880,684
2881,728
2882,566
2883,580
2884,697
2885,543
2886,508
2887,542
2888,679
2889,729
2890,935
2891,690
2892,672
2893,472
2894,674
2895,533
2896,792
2897,571
2898,285
2899,697
2900,673
2901,671
2902,608
2903,623
2904,738
2905,502
2906,871
2907,666
2908,677
2909,620
2910,529
2911,760
2912,580
2913,764
2914,547
2915,542
2916,453
2917,520
2918,638
2919,401
2920,615
2921,564
2922,370
2923,370
2924,522
2925,469
2926,572
2927,372
2928,844
2929,534
2930,408
2931,520
2932,469
2933,600
2934,904
2935,601
2936,706
2937,616
2938,444
2939,510
2940,579
2941,498
2942,555
2943,910
2944,632
2945,874
2946,525
2947,669
2948,659
2949,738
2950,788
2951,405
2952,683
2953,912
2954,533
2955,746
2956,506
2957,743
2958,596
2959,473
2960,540
2961,608
2962,759
2963,680
2964,1048
2965,523
2966,744
2967,579
2968,549
2969,891
2970,667
2971,464
2972,582
2973,654
2974,560
2975,609
2976,607
2977,701
2978,772
2979,901
2980,610
2981,562
2982,540
2983,723
2984,852
2985,882
2986,492
2987,654
2988,647
2989,617
2990,780
2991,783
2992,726
2993,705
2994,663
2995,657
2996,589
2997,1004
2998,417
2999,681
3000,831
3001,485
3002,397
3003,664
3004,719
3005,661
3006,732
3007,523
3008,648
3009,394
3010,541
3011,721
3012,773
3013,665
3014,739
3015,961
3016,644
3017,762
3018,707
3019,650
3020,572
3021,795
3022,654
3023,588
3024,726
3025,701
3026,679
3027,890
3028,525
3029,787
3030,382
3031,868
3032,483
3033,579
3034,763
3035,741
3036,791
3037,724
3038,666
3039,619
3040,487
3041,896
3042,649
3043,652
3044,642
3045,756
3046,636
3047,871
3048,929
3049,813
3050,752
3051,669
3052,619
3053,590
3054,679
3055,733
3056,521
3057,709
3058,650
3059,847
3060,950
3061,519
3062,962
3063,827
3064,696
3065,744
3066,697
3067,909
3068,880
3069,860
3070,773
3071,840
3072,843
3073,455
3074,638
3075,920
3076,594
3077,407
3078,768
3079,717
3080,1202
3081,577
3082,612
3083,432
3084,521
3085,739
3086,403
3087,812
3088,568
3089,548
3090,716
3091,706
3092,586
3093,522
3094,694
3095,738
3096,939
3097,551
3098,440
3099,931
3100,876
3101,719
3102,709
3103,953
3104,614
3105,881
3106,681
3107,663
3108,527
3109,807
3110,685
3111,795
3112,691
3113,660
3114,785
3115,565
3116,694
3117,933
3118,630
3119,726
3120,578
3121,379
3122,751
3123,597
3124,387
3125,818
3126,525
3127,546
3128,852
3129,492
3130,730
3131,681
3132,663
3133,545
3134,623
3135,514
3136,632
3137,851
3138,755
3139,586
3140,1082
3141,655
3142,711
3143,818
3144,848
3145,696
3146,704
3147,503
3148,675
3149,834
3150,620
3151,641
3152,848
3153,893
3154,635
3155,534
3156,818
3157,500
3158,722
3159,601
3160,585
3161,577
3162,942
3163,820
3164,1055
3165,752
3166,752
3167,478
3168,385
3169,760
3170,709
3171,769
3172,776
3173,734
3174,612
3175,717
3176,788
3177,424
3178,530
3179,717
3180,704
3181,770
3182,748
3183,875
3184,703
3185,573
3186,645
3187,567
3188,929
3189,755
3190,727
3191,751
3192,879
3193,895
3194,667
3195,637
3196,777
3197,888
3198,848
3199,913
3200,727
3201,762
3202,947
3203,656
3204,967
3205,754
3206,702
3207,892
3208,765
3209,809
3210,677
3211,670
3212,840
3213,654
3214,779
3215,774
3216,874
3217,769
3218,628
3219,753
3220,637
3221,632
3222,781
3223,791
3224,715
3225,852
3226,538
3227,522
3228,522
3229,823
3230,655
3231,600
3232,805
3233,630
3234,584
3235,591
3236,757
3237,477
3238,688
3239,478
3240,719
3241,544
3242,1087
3243,839
3244,521
3245,487
3246,901
3247,720
3248,757
3249,763
3250,699
3251,888
3252,771
3253,675
3254,815
3255,636
3256,700
3257,694
3258,639
3259,958
3260,732
3261,617
3262,617
3263,705
3264,950
3265,515
3266,831
3267,896
3268,722
3269,659
3270,649
3271,901
3272,884
3273,790
3274,570
3275,809
3276,448
3277,726
3278,812
3279,695
3280,814
3281,702
3282,611
3283,802
3284,597
3285,487
3286,652
3287,915
3288,615
3289,472
3290,774
3291,818
3292,786
3293,877
3294,989
3295,931
3296,935
3297,741
3298,1051
3299,852
3300,684
3301,763
3302,482
3303,811
3304,719
3305,735
3306,998
3307,336
3308,538
3309,461
3310,550
3311,508
3312,898
3313,859
3314,826
3315,552
3316,828
3317,665
3318,633
3319,840
3320,811
3321,633
3322,794
3323,566
3324,777
3325,901
3326,967
3327,652
3328,739
3329,603
3330,914
3331,771
3332,917
3333,704
3334,268
3335,803
3336,839
3337,690
3338,847
3339,634
3340,705
3341,737
3342,905
3343,610
3344,754
3345,697
3346,952
3347,714
3348,884
3349,840
3350,833
3351,879
3352,696
3353,759
3354,587
3355,870
3356,670
3357,549
3358,620
3359,640
3360,536
3361,704
3362,597
3363,521
3364,832
3365,563
3366,867
3367,647
3368,657
3369,782
3370,537
3371,935
3372,972
3373,877
3374,833
3375,584
3376,586
3377,672
3378,926
3379,714
3380,839
3381,1041
3382,1058
3383,777
3384,591
3385,783
3386,623
3387,747
3388,914
3389,694
3390,930
3391,746
3392,873
3393,633
3394,894
3395,608
3396,563
3397,1046
3398,480
3399,523
3400,773
3401,987
3402,727
3403,565
3404,475
3405,724
3406,909
3407,734
3408,666
3409,877
3410,769
3411,926
3412,653
3413,891
3414,652
3415,761
3416,897
3417,1230
3418,600
3419,856
3420,928
3421,640
3422,907
3423,917
3424,549
3425,701
3426,648
3427,550
3428,833
3429,570
3430,1068
3431,588
3432,645
3433,752
3434,539
3435,815
3436,754
3437,569
3438,604
3439,555
3440,538
3441,813
3442,777
3443,873
3444,1007
3445,540
3446,593
3447,739
3448,811
3449,562
3450,702
3451,695
3452,619
3453,617
3454,770
3455,535
3456,526
3457,624
3458,551
3459,833
3460,865
3461,870
3462,600
3463,620
3464,727
3465,759
3466,836
3467,664
3468,510
3469,735
3470,667
3471,405
3472,729
3473,484
3474,482
3475,653
3476,543
3477,877
3478,652
3479,627
3480,572
3481,803
3482,759
3483,619
3484,561
3485,803
3486,767
3487,582
3488,472
3489,236
3490,686
3491,292
3492,687
3493,685
3494,688
3495,455
3496,543
3497,738
3498,870
3499,661
3500,682
3501,682
3502,536
3503,750
3504,381
3505,683
3506,751
3507,847
3508,664
3509,969
3510,611
3511,748
3512,638
3513,309
3514,853
3515,833
3516,632
3517,579
3518,833
3519,497
3520,727
3521,795
3522,583
3523,553
3524,758
3525,925
3526,684
3527,662
3528,914
3529,1201
3530,731
3531,633
3532,685
3533,562
3534,705
3535,910
3536,760
3537,577
3538,1194
3539,636
3540,758
3541,695
3542,782
3543,588
3544,629
3545,853
3546,650
3547,770
3548,581
3549,957
3550,630
3551,828
3552,507
3553,829
3554,915
3555,913
3556,809
3557,644
3558,620
3559,719
3560,854
3561,948
3562,729
3563,589
3564,724
3565,892
3566,747
3567,533
3568,822
3569,709
3570,981
3571,738
3572,544
3573,514
3574,650
3575,992
3576,599
3577,673
3578,683
3579,863
3580,810
3581,813
3582,878
3583,794
3584,673
3585,735
3586,676
3587,929
3588,731
3589,595
3590,735
3591,835
3592,626
3593,462
3594,871
3595,693
3596,697
3597,783
3598,883
3599,733
3600,649
3601,716
3602,958
3603,780
3604,898
3605,539
3606,968
3607,675
3608,858
3609,818
3610,670
3611,738
3612,850
3613,741
3614,806
3615,604
3616,238
3617,531
3618,799
3619,433
3620,689
3621,948
3622,758
3623,908
3624,997
3625,648
3626,622
3627,659
3628,830
3629,693
3630,822
3631,555
3632,-329
3633,687
3634,768
3635,751
3636,826
3637,505
3638,834
3639,997
3640,661
3641,847
3642,558
3643,731
3644,726
3645,730
3646,916
3647,1017
3648,745
3649,583
3650,862
3651,691
3652,47
3653,695
3654,692
3655,759
3656,842
3657,749
3658,1006
3659,1161
3660,526
3661,650
3662,644
3663,1062
3664,548
3665,682
3666,503
3667,897
3668,800
3669,672
3670,666
3671,985
3672,632
3673,948
3674,588
3675,980
3676,460
3677,711
3678,1040
3679,609
3680,806
3681,679
3682,573
3683,557
3684,833
3685,735
3686,712
3687,575
3688,688
3689,676
3690,878
3691,621
3692,432
3693,829
3694,831
3695,463
3696,734
3697,831
3698,904
3699,815
3700,725
3701,546
3702,475
3703,563
3704,730
3705,628
3706,559
3707,858
3708,594
3709,905
3710,890
3711,515
3712,649
3713,899
3714,819
3715,919
3716,891
3717,919
3718,468
3719,883
3720,670
3721,825
3722,851
3723,599
3724,696
3725,799
3726,561
3727,851
3728,1026
3729,633
3730,656
3731,862
3732,827
3733,924
3734,741
3735,680
3736,1127
3737,652
3738,622
3739,697
3740,855
3741,798
3742,576
3743,952
3744,930
3745,849
3746,897
3747,711
3748,537
3749,814
3750,790
3751,1028
3752,824
3753,814
3754,844
3755,731
3756,898
3757,572
3758,829
3759,720
3760,682
3761,703
3762,584
3763,611
3764,899
3765,832
3766,640
3767,804
3768,818
3769,752
3770,884
3771,732
3772,845
3773,882
3774,663
3775,793
3776,702
3777,745
3778,746
3779,499
3780,1045
3781,991
3782,678
3783,777
3784,570
3785,777
3786,721
3787,954
3788,778
3789,499
3790,844
3791,629
3792,727
3793,829
3794,1018
3795,823
3796,607
3797,976
3798,536
3799,708
3800,1183
3801,765
3802,824
3803,812
3804,805
3805,912
3806,920
3807,813
3808,1114
3809,939
3810,979
3811,679
3812,853
3813,601
3814,1015
3815,905
3816,754
3817,1125
3818,442
3819,865
3820,709
3821,1114
3822,607
3823,549
3824,995
3825,767
3826,623
3827,697
3828,911
3829,768
3830,784
3831,539
3832,730
3833,748
3834,872
3835,921
3836,684
3837,690
3838,902
3839,778
3840,782
3841,18
3842,947
3843,951
3844,1128
3845,796
3846,669
3847,848
3848,837
3849,951
3850,722
3851,871
3852,661
3853,766
3854,629
3855,603
3856,723
3857,926
3858,794
3859,740
3860,879
3861,770
3862,652
3863,575
3864,830
3865,705
3866,809
3867,824
3868,735
3869,918
3870,864
3871,932
3872,764
3873,620
3874,870
3875,963
3876,714
3877,1067
3878,871
3879,647
3880,723
3881,733
3882,575
3883,711
3884,815
3885,984
3886,831
3887,1037
3888,925
3889,692
3890,828
3891,943
3892,792
3893,850
3894,655
3895,873
3896,765
3897,558
3898,-224
3899,1038
3900,875
3901,620
3902,757
3903,752
3904,1041
3905,1127
3906,763
3907,709
3908,1033
3909,843
3910,710
3911,659
3912,1033
3913,434
3914,906
3915,994
3916,849
3917,746
3918,877
3919,950
3920,991
3921,956
3922,599
3923,915
3924,598
3925,896
3926,758
3927,966
3928,699
3929,966
3930,765
3931,806
3932,783
3933,752
3934,764
3935,623
3936,983
3937,617
3938,823
3939,728
3940,678
3941,956
3942,719
3943,814
3944,877
3945,860
3946,976
3947,905
3948,629
3949,810
3950,881
3951,724
3952,984
3953,1005
3954,776
3955,475
3956,1092
3957,1001
3958,885
3959,1050
3960,1023
3961,871
3962,670
3963,1005
3964,608
3965,612
3966,771
3967,874
3968,1044
3969,985
3970,1009
3971,970
3972,916
3973,617
3974,403
3975,794
3976,825
3977,781
3978,813
3979,761
3980,976
3981,858
3982,-11
3983,910
3984,865
3985,800
3986,747
3987,713
3988,1101
3989,1068
3990,1124
3991,745
3992,672
3993,882
3994,815
3995,-4652
3996,790
3997,1075
3998,809
3999,872
4000,857
4001,921
4002,642
4003,927
4004,677
4005,701
4006,729
4007,841
4008,797
4009,903
4010,874
4011,548
4012,968
4013,623
4014,929
4015,1053
4016,782
4017,876
4018,911
4019,910
4020,658
4021,1056
4022,843
4023,677
4024,895
4025,1182
4026,735
4027,858
4028,869
4029,917
4030,733
4031,929
4032,731
4033,666
4034,753
4035,1057
4036,655
4037,902
4038,591
4039,887
4040,1026
4041,1101
4042,662
4043,688
4044,944
4045,1114
4046,958
4047,961
4048,751
4049,738
4050,548
4051,776
4052,893
4053,824
4054,833
4055,939
4056,656
4057,911
4058,578
4059,662
4060,883
4061,781
4062,714
4063,723
4064,715
4065,824
4066,807
4067,612
4068,1251
4069,975
4070,882
4071,885
4072,654
4073,1134
4074,609
4075,805
4076,766
4077,910
4078,809
4079,869
4080,658
4081,763
4082,1090
4083,506
4084,608
4085,850
4086,951
4087,1006
4088,696
4089,659
4090,801
4091,1017
4092,736
4093,779
4094,1016
4095,751
4096,799
4097,699
4098,872
4099,807
4100,899
4101,834
4102,931
4103,969
4104,891
4105,775
4106,708
4107,1038
4108,862
4109,737
4110,937
4111,758
4112,824
4113,560
4114,942
4115,1094
4116,740
4117,1523
4118,720
4119,900
4120,584
4121,787
4122,737
4123,958
4124,314
4125,755
4126,884
4127,787
4128,1152
4129,736
4130,677
4131,600
4132,770
4133,642
4134,953
4135,1158
4136,736
4137,699
4138,965
4139,846
4140,940
4141,806
4142,732
4143,934
4144,769
4145,1164
4146,900
4147,956
4148,826
4149,1194
4150,776
4151,910
4152,880
4153,723
4154,927
4155,861
4156,974
4157,687
4158,738
4159,922
4160,526
4161,1023
4162,704
4163,952
4164,964
4165,655
4166,773
4167,984
4168,854
4169,752
4170,805
4171,994
4172,692
4173,1022
4174,937
4175,743
4176,790
4177,709
4178,952
4179,820
4180,802
4181,845
4182,730
4183,719
4184,762
4185,601
4186,927
4187,480
4188,818
4189,691
4190,866
4191,1162
4192,915
4193,1184
4194,458
4195,957
4196,830
4197,663
4198,1041
4199,368
4200,965
4201,988
4202,1037
4203,531
4204,687
4205,927
4206,968
4207,919
4208,1106
4209,795
4210,792
4211,786
4212,750
4213,844
4214,640
4215,902
4216,873
4217,1042
4218,802
4219,813
4220,961
4221,838
4222,705
4223,857
4224,898
4225,1075
4226,864
4227,776
4228,732
4229,662
4230,747
4231,854
4232,879
4233,829
4234,1162
4235,821
4236,420
4237,1012
4238,911
4239,840
4240,750
4241,634
4242,561
4243,612
4244,848
4245,893
4246,1074
4247,878
4248,805
4249,1011
4250,771
4251,854
4252,771
4253,928
4254,650
4255,902
4256,970
4257,835
4258,-172
4259,1088
4260,658
4261,677
4262,829
4263,761
4264,678
4265,943
4266,725
4267,887
4268,631
4269,901
4270,752
4271,651
4272,718
4273,1021
4274,620
4275,994
4276,1155
4277,933
4278,726
4279,893
4280,790
4281,685
4282,1123
4283,1063
4284,1030
4285,905
4286,1203
4287,923
4288,781
4289,820
4290,831
4291,674
4292,650
4293,620
4294,830
4295,1171
4296,847
4297,746
4298,998
4299,884
4300,318
4301,750
4302,1106
4303,1149
4304,626
4305,929
4306,947
4307,817
4308,747
4309,1210
4310,606
4311,1013
4312,833
4313,825
4314,833
4315,870
4316,835
4317,609
4318,857
4319,1187
4320,1387
4321,953
4322,935
4323,852
4324,1136
4325,708
4326,721
4327,805
4328,944
4329,1008
4330,742
4331,874
4332,980
4333,389
4334,836
4335,961
4336,773
4337,583
4338,1076
4339,1196
4340,957
4341,1141
4342,920
4343,943
4344,994
4345,712
4346,1160
4347,737
4348,1005
4349,1026
4350,684
4351,880
4352,875
4353,1035
4354,-762
4355,1099
4356,932
4357,739
4358,857
4359,620
4360,823
4361,965
4362,1073
4363,851
4364,465
4365,899
4366,1134
4367,884
4368,997
4369,647
4370,807
4371,1015
4372,884
4373,882
4374,815
4375,778
4376,1024
4377,739
4378,1309
4379,792
4380,938
4381,1054
4382,978
4383,727
4384,907
4385,820
4386,1193
4387,1260
4388,1114
4389,990
4390,1041
4391,1010
4392,1026
4393,822
4394,982
4395,628
4396,1061
4397,955
4398,946
4399,692
4400,664
4401,674
4402,824
4403,1041
4404,1094
4405,209
4406,868
4407,803
4408,777
4409,812
4410,984
4411,872
4412,883
4413,921
4414,735
4415,709
4416,626
4417,916
4418,810
4419,1183
4420,1116
4421,1052
4422,756
4423,864
4424,1028
4425,1022
4426,834
4427,892
4428,1034
4429,796
4430,535
4431,890
4432,1017
4433,908
4434,987
4435,1195
4436,861
4437,1154
4438,884
4439,1009
4440,1212
4441,921
4442,821
4443,881
4444,878
4445,1057
4446,900
4447,698
4448,776
4449,390
4450,880
4451,1092
4452,834
4453,883
4454,671
4455,875
4456,837
4457,837
4458,1069
4459,1117
4460,725
4461,921
4462,902
4463,1018
4464,1075
4465,806
4466,699
4467,938
4468,852
4469,873
4470,783
4471,645
4472,895
4473,789
4474,624
4475,1012
4476,754
4477,626
4478,761
4479,800
4480,980
4481,982
4482,691
4483,927
4484,1001
4485,727
4486,650
4487,643
4488,1145
4489,1014
4490,894
4491,770
4492,839
4493,578
4494,671
4495,1069
4496,918
4497,923
4498,906
4499,900
4500,664
4501,624
4502,739
4503,1097
4504,780
4505,685
4506,825
4507,241
4508,608
4509,1017
4510,444
4511,912
4512,976
4513,931
4514,729
4515,870
4516,910
4517,875
4518,1038
4519,948
4520,856
4521,903
4522,898
4523,1121
4524,945
4525,622
4526,1004
4527,674
4528,766
4529,768
4530,523
4531,820
4532,820
4533,834
4534,989
4535,738
4536,886
4537,801
4538,996
4539,969
4540,907
4541,775
4542,846
4543,879
4544,656
4545,670
4546,727
4547,624
4548,692
4549,1176
4550,654
4551,727
4552,894
4553,729
4554,724
4555,937
4556,829
4557,1013
4558,516
4559,861
4560,1097
4561,1029
4562,1107
4563,953
4564,642
4565,1017
4566,811
4567,1001
4568,939
4569,733
4570,944
4571,898
4572,837
4573,953
4574,734
4575,1157
4576,1083
4577,764
4578,1073
4579,789
4580,765
4581,1020
4582,628
4583,983
4584,844
4585,351
4586,769
4587,756
4588,1050
4589,1143
4590,785
4591,987
4592,507
4593,1226
4594,952
4595,927
4596,757
4597,1011
4598,945
4599,1047
4600,887
4601,887
4602,1120
4603,961
4604,459
4605,746
4606,954
4607,845
4608,709
4609,931
4610,979
4611,912
4612,834
4613,1057
4614,659
4615,946
4616,785
4617,997
4618,1037
4619,1036
4620,1322
4621,951
4622,1146
4623,1173
4624,657
4625,811
4626,1014
4627,822
4628,1198
4629,722
4630,934
4631,1194
4632,1008
4633,914
4634,782
4635,1104
4636,1068
4637,1021
4638,993
4639,922
4640,799
4641,1091
4642,789
4643,921
4644,891
4645,667
4646,670
4647,879
4648,941
4649,771
4650,1013
4651,773
4652,1346
4653,1023
4654,1069
4655,918
4656,896
4657,1199
4658,1101
4659,722
4660,753
4661,944
4662,790
4663,666
4664,908
4665,987
4666,751
4667,813
4668,884
4669,784
4670,768
4671,779
4672,845
4673,1135
4674,872
4675,1022
4676,788
4677,742
4678,912
4679,1049
4680,958
4681,1248
4682,816
4683,1022
4684,1105
4685,1041
4686,466
4687,920
4688,887
4689,641
4690,1027
4691,809
4692,970
4693,1025
4694,1104
4695,696
4696,629
4697,1007
4698,747
4699,905
4700,1076
4701,788
4702,1171
4703,857
4704,989
4705,1008
4706,991
4707,1067
4708,1034
4709,830
4710,826
4711,1071
4712,1048
4713,143
4714,974
4715,774
4716,972
4717,728
4718,1001
4719,981
4720,689
4721,732
4722,855
4723,820
4724,971
4725,973
4726,1044
4727,1056
4728,844
4729,1318
4730,850
4731,935
4732,1021
4733,1142
4734,964
4735,951
4736,802
4737,766
4738,358
4739,974
4740,1052
4741,986
4742,1049
4743,988
4744,836
4745,801
4746,512
4747,821
4748,988
4749,866
4750,952
4751,925
4752,996
4753,822
4754,-295
4755,857
4756,1037
4757,669
4758,1068
4759,1174
4760,781
4761,854
4762,1001
4763,755
4764,794
4765,774
4766,902
4767,752
4768,476
4769,1077
4770,1459
4771,1031
4772,1040
4773,796
4774,1008
4775,1074
4776,1015
4777,1114
4778,1048
4779,948
4780,1176
4781,847
4782,1089
4783,896
4784,588
4785,945
4786,1175
4787,595
4788,935
4789,824
4790,1101
4791,816
4792,640
4793,839
4794,990
4795,1093
4796,800
4797,1063
4798,739
4799,823
4800,1236
4801,750
4802,972
4803,964
4804,860
4805,882
4806,1113
4807,288
4808,771
4809,897
4810,1124
4811,990
4812,746
4813,841
4814,946
4815,485
4816,895
4817,1302
4818,945
4819,1032
4820,775
4821,1036
4822,640
4823,928
4824,950
4825,1008
4826,1106
4827,1382
4828,927
4829,1006
4830,717
4831,659
4832,946
4833,879
4834,1149
4835,734
4836,834
4837,692
4838,954
4839,1048
4840,963
4841,1149
4842,830
4843,1005
4844,767
4845,1138
4846,772
4847,611
4848,1170
4849,956
4850,782
4851,370
4852,939
4853,814
4854,841
4855,824
4856,386
4857,996
4858,1032
4859,1125
4860,1212
4861,1045
4862,743
4863,752
4864,1002
4865,830
4866,772
4867,950
4868,989
4869,1023
4870,921
4871,1069
4872,938
4873,913
4874,1103
4875,877
4876,1155
4877,941
4878,241
4879,942
4880,747
4881,782
4882,836
4883,622
4884,900
4885,1218
4886,-257
4887,756
4888,967
4889,760
4890,1040
4891,909
4892,757
4893,1107
4894,918
4895,1068
4896,904
4897,1039
4898,876
4899,860
4900,934
4901,829
4902,939
4903,734
4904,722
4905,1057
4906,842
4907,911
4908,771
4909,1006
4910,909
4911,567
4912,837
4913,894
4914,865
4915,813
4916,887
4917,838
4918,1003
4919,1226
4920,924
4921,1053
4922,942
4923,1085
4924,1026
4925,759
4926,790
4927,1104
4928,1055
4929,837
4930,1267
4931,984
4932,1039
4933,976
4934,151
4935,1204
4936,811
4937,869
4938,1006
4939,951
4940,764
4941,1126
4942,881
4943,833
4944,806
4945,1209
4946,1100
4947,750
4948,752
4949,798
4950,800
4951,1109
4952,730
4953,1080
4954,883
4955,646
4956,1041
4957,673
4958,982
4959,1120
4960,910
4961,695
4962,971
4963,764
4964,979
4965,1178
4966,1049
4967,796
4968,887
4969,1084
4970,893
4971,658
4972,985
4973,734
4974,762
4975,1070
4976,883
4977,1173
4978,939
4979,987
4980,805
4981,874
4982,1116
4983,1066
4984,1004
4985,907
4986,955
4987,1001
4988,758
4989,1100
4990,766
4991,855
4992,-517
4993,1111
4994,910
4995,936
4996,705
4997,793
4998,1147
4999,910
5000,1039
5001,999
5002,731
5003,1135
5004,542
5005,1014
5006,937
5007,834
5008,798
5009,1256
5010,900
5011,844
5012,863
5013,942
5014,752
5015,828
5016,703
5017,1049
5018,703
5019,772
5020,811
5021,978
5022,1066
5023,822
5024,926
5025,777
5026,952
5027,847
5028,998
5029,665
5030,816
5031,613
5032,859
5033,454
5034,871
5035,851
5036,933
5037,1071
5038,888
5039,944
5040,824
5041,1109
5042,822
5043,937
5044,874
5045,408
5046,926
5047,948
5048,805
5049,756
5050,1069
5051,1093
5052,937
5053,878
5054,927
5055,1105
5056,671
5057,1152
5058,858
5059,979
5060,870
5061,1076
5062,1248
5063,777
5064,1011
5065,598
5066,931
5067,750
5068,1144
5069,769
5070,926
5071,796
5072,804
5073,848
5074,894
5075,979
5076,1013
5077,1180
5078,823
5079,938
5080,1084
5081,900
5082,887
5083,1088
5084,1021
5085,1004
5086,619
5087,996
5088,1068
5089,803
5090,912
5091,1039
5092,858
5093,998
5094,589
5095,1021
5096,1039
5097,857
5098,743
5099,1148
5100,1155
5101,1266
5102,1022
5103,885
5104,838
5105,734
5106,789
5107,577
5108,620
5109,800
5110,838
5111,834
5112,736
5113,876
5114,897
5115,1040
5116,632
5117,995
5118,732
5119,705
5120,639
5121,578
5122,930
5123,944
5124,730
5125,905
5126,1033
5127,1020
5128,768
5129,664
5130,713
5131,767
5132,822
5133,1074
5134,894
5135,928
5136,576
5137,865
5138,886
5139,903
5140,801
5141,610
5142,817
5143,693
5144,1133
5145,969
5146,745
5147,611
5148,742
5149,738
5150,892
5151,959
5152,831
5153,993
5154,706
5155,548
5156,862
5157,803
5158,933
5159,1154
5160,771
5161,825
5162,824
5163,668
5164,834
5165,645
5166,947
5167,833
5168,844
5169,1227
5170,716
5171,993
5172,986
5173,592
5174,950
5175,918
5176,845
5177,962
5178,761
5179,490
5180,714
5181,964
5182,729
5183,738
5184,787
5185,934
5186,793
5187,865
5188,578
5189,693
5190,683
5191,842
5192,662
5193,929
5194,887
5195,561
5196,617
5197,756
5198,910
5199,816
5200,1031
5201,910
5202,687
5203,839
5204,587
5205,463
5206,830
5207,686
5208,676
5209,812
5210,513
5211,841
5212,710
5213,793
5214,1004
5215,761
5216,913
5217,727
5218,524
5219,692
5220,498
5221,970
5222,734
5223,802
5224,905
5225,912
5226,827
5227,763
5228,606
5229,870
5230,886
5231,796
5232,769
5233,676
5234,983
5235,657
5236,740
5237,646
5238,935
5239,765
5240,844
5241,1086
5242,818
5243,683
5244,747
5245,656
5246,929
5247,866
5248,957
5249,790
5250,704
5251,942
5252,865
5253,871
5254,715
5255,1053
5256,1036
5257,836
5258,568
5259,999
5260,749
5261,918
5262,845
5263,753
5264,1072
5265,925
5266,858
5267,875
5268,815
5269,747
5270,797
5271,805
5272,640
5273,748
5274,885
5275,885
5276,752
5277,884
5278,796
5279,780
5280,816
5281,756
5282,915
5283,735
5284,951
5285,1065
5286,1155
5287,1001
5288,1183
5289,662
5290,738
5291,849
5292,891
5293,494
5294,996
5295,731
5296,1093
5297,456
5298,1019
5299,853
5300,941
5301,848
5302,902
5303,1197
5304,1014
5305,585
5306,1087
5307,1218
5308,1035
5309,980
5310,782
5311,843
5312,728
5313,999
5314,702
5315,824
5316,756
5317,634
5318,911
5319,1031
5320,631
5321,875
5322,932
5323,674
5324,779
5325,893
5326,759
5327,779
5328,776
5329,737
5330,604
5331,867
5332,927
5333,673
5334,986
5335,1034
5336,1041
5337,914
5338,1079
5339,872
5340,881
5341,750
5342,543
5343,964
5344,980
5345,786
5346,1023
5347,754
5348,869
5349,982
5350,730
5351,881
5352,765
5353,359
5354,1039
5355,971
5356,720
5357,713
5358,1026
5359,807
5360,1107
5361,1009
5362,1016
5363,1441
5364,738
5365,846
5366,1166
5367,777
5368,893
5369,907
5370,781
5371,1180
5372,746
5373,651
5374,1268
5375,1076
5376,978
5377,991
5378,1001
5379,1046
5380,1111
5381,996
5382,1001
5383,939
5384,902
5385,920
5386,933
5387,850
5388,833
5389,608
5390,982
5391,748
5392,819
5393,706
5394,815
5395,1116
5396,919
5397,936
5398,893
5399,711
5400,780
5401,1101
5402,785
5403,777
5404,778
5405,766
5406,690
5407,764
5408,785
5409,834
5410,750
5411,936
5412,1003
5413,718
5414,874
5415,1106
5416,701
5417,936
5418,778
5419,63
5420,956
5421,902
5422,859
5423,1021
5424,910
5425,812
5426,1004
5427,839
5428,685
5429,884
5430,832
5431,1099
5432,755
5433,869
5434,825
5435,1067
5436,825
5437,706
5438,832
5439,309
5440,651
5441,668
5442,730
5443,769
5444,856
5445,819
5446,991
5447,607
5448,895
5449,827
5450,910
5451,862
5452,787
5453,1081
5454,818
5455,877
5456,771
5457,910
5458,787
5459,868
5460,738
5461,842
5462,785
5463,923
5464,887
5465,763
5466,765
5467,823
5468,778
5469,906
5470,1109
5471,920
5472,612
5473,633
5474,530
5475,779
5476,1007
5477,989
5478,947
5479,898
5480,698
5481,582
5482,989
5483,601
5484,885
5485,853
5486,676
5487,906
5488,722
5489,727
5490,979
5491,803
5492,986
5493,790
5494,902
5495,731
5496,1094
5497,947
5498,902
5499,939
5500,652
5501,1167
5502,1004
5503,816
5504,449
5505,920
5506,902
5507,838
5508,603
5509,752
5510,726
5511,1044
5512,150
5513,872
5514,773
5515,867
5516,908
5517,851
5518,881
5519,171
5520,956
5521,616
5522,978
5523,993
5524,996
5525,736
5526,894
5527,609
5528,762
5529,585
5530,901
5531,-2412
5532,944
5533,748
5534,838
5535,625
5536,786
5537,920
5538,856
5539,843
5540,567
5541,636
5542,769
5543,1019
5544,643
5545,781
5546,933
5547,810
5548,779
5549,973
5550,792
5551,717
5552,823
5553,1059
5554,898
5555,1043
5556,882
5557,901
5558,622
5559,746
5560,978
5561,1000
5562,1051
5563,884
5564,957
5565,771
5566,340
5567,932
5568,879
5569,905
5570,395
5571,707
5572,790
5573,818
5574,929
5575,851
5576,759
5577,1037
5578,659
5579,801
5580,733
5581,671
5582,1057
5583,222
5584,1048
5585,776
5586,844
5587,1005
5588,900
5589,786
5590,1056
5591,960
5592,833
5593,923
5594,1016
5595,883
5596,844
5597,702
5598,777
5599,785
5600,655
5601,724
5602,661
5603,840
5604,771
5605,752
5606,655
5607,925
5608,514
5609,769
5610,1028
5611,777
5612,541
5613,667
5614,499
5615,994
5616,976
5617,583
5618,809
5619,851
5620,792
5621,779
5622,753
5623,743
5624,837
5625,769
5626,778
5627,816
5628,920
5629,854
5630,722
5631,821
5632,1112
5633,657
5634,878
5635,990
5636,639
5637,716
5638,968
5639,844
5640,997
5641,962
5642,979
5643,849
5644,835
5645,749
5646,732
5647,857
5648,911
5649,815
5650,717
5651,1022
5652,814
5653,788
5654,868
5655,763
5656,1002
5657,861
5658,783
5659,1089
5660,760
5661,1014
5662,869
5663,897
5664,874
5665,736
5666,925
5667,832
5668,871
5669,787
5670,945
5671,824
5672,822
5673,797
5674,995
5675,621
5676,662
5677,796
5678,806
5679,1053
5680,760
5681,690
5682,957
5683,955
5684,962
5685,847
5686,1073
5687,794
5688,994
5689,1135
5690,967
5691,919
5692,1028
5693,1176
5694,734
5695,650
5696,987
5697,756
5698,785
5699,909
5700,1031
5701,1111
5702,532
5703,950
5704,767
5705,655
5706,652
5707,787
5708,808
5709,1059
5710,1087
5711,881
5712,527
5713,1026
5714,716
5715,796
5716,967
5717,810
5718,845
5719,709
5720,866
5721,949
5722,867
5723,976
5724,815
5725,1013
5726,1060
5727,1012
5728,748
5729,701
5730,1089
5731,682
5732,1163
5733,920
5734,1092
5735,935
5736,582
5737,1043
5738,625
5739,888
5740,809
5741,873
5742,662
5743,933
5744,421
5745,896
5746,847
5747,869
5748,997
5749,782
5750,1065
5751,1117
5752,925
5753,1101
5754,843
5755,436
5756,726
5757,1054
5758,947
5759,800
5760,694
5761,974
5762,750
5763,779
5764,980
5765,920
5766,921
5767,821
5768,1002
5769,669
5770,991
5771,1076
5772,802
5773,696
5774,656
5775,867
5776,682
5777,746
5778,590
5779,787
5780,743
5781,638
5782,1152
5783,438
5784,641
5785,887
5786,855
5787,828
5788,649
5789,969
5790,855
5791,760
5792,1032
5793,800
5794,941
5795,744
5796,806
5797,894
5798,904
5799,934
5800,930
5801,488
5802,741
5803,773
5804,804
5805,884
5806,935
5807,818
5808,954
5809,609
5810,933
5811,923
5812,948
5813,828
5814,725
5815,890
5816,1013
5817,792
5818,795
5819,1058
5820,879
5821,716
5822,664
5823,983
5824,521
5825,1103
5826,816
5827,822
5828,652
5829,900
5830,1180
5831,795
5832,814
5833,763
5834,1038
5835,887
5836,755
5837,1140
5838,916
5839,711
5840,862
5841,647
5842,874
5843,1058
5844,1028
5845,716
5846,1044
5847,642
5848,978
5849,994
5850,883
5851,443
5852,957
5853,831
5854,845
5855,648
5856,831
5857,911
5858,938
5859,666
5860,901
5861,812
5862,367
5863,791
5864,866
5865,309
5866,743
5867,997
5868,566
5869,597
5870,744
5871,784
5872,976
5873,745
5874,965
5875,921
5876,752
5877,307
5878,904
5879,580
5880,932
5881,515
5882,1042
5883,851
5884,713
5885,703
5886,725
5887,922
5888,870
5889,940
5890,726
5891,258
5892,780
5893,624
5894,750
5895,557
5896,987
5897,781
5898,788
5899,805
5900,1167
5901,637
5902,840
5903,567
5904,731
5905,681
5906,1051
5907,687
5908,733
5909,827
5910,645
5911,477
5912,548
5913,608
5914,709
5915,724
5916,962
5917,509
5918,576
5919,744
5920,651
5921,814
5922,646
5923,565
5924,847
5925,658
5926,715
5927,968
5928,978
5929,724
5930,858
5931,918
5932,659
5933,854
5934,825
5935,769
5936,820
5937,759
5938,844
5939,806
5940,845
5941,585
5942,663
5943,946
5944,701
5945,701
5946,953
5947,925
5948,828
5949,610
5950,1020
5951,701
5952,702
5953,610
5954,774
5955,762
5956,763
5957,680
5958,958
5959,689
5960,587
5961,662
5962,727
5963,938
5964,660
5965,818
5966,1127
5967,587
5968,754
5969,803
5970,810
5971,605
5972,1165
5973,766
5974,885
5975,875
5976,931
5977,764
5978,556
5979,804
5980,894
5981,997
5982,854
5983,766
5984,668
5985,998
5986,974
5987,987
5988,1253
5989,243
5990,592
5991,555
5992,707
5993,647
5994,896
5995,643
5996,1021
5997,614
5998,942
5999,746
6000,588
6001,918
6002,657
6003,865
6004,855
6005,746
6006,848
6007,624
6008,309
6009,829
6010,274
6011,707
6012,796
6013,1019
6014,1059
6015,739
6016,717
6017,835
6018,749
6019,1045
6020,786
6021,719
6022,995
6023,644
6024,960
6025,761
6026,672
6027,899
6028,728
6029,739
6030,747
6031,811
6032,657
6033,770
6034,528
6035,1133
6036,1008
6037,698
6038,814
6039,755
6040,788
6041,520
6042,898
6043,876
6044,615
6045,754
6046,729
6047,952
6048,716
6049,647
6050,757
6051,942
6052,645
6053,581
6054,940
6055,606
6056,732
6057,457
6058,923
6059,617
6060,883
6061,596
6062,902
6063,668
6064,766
6065,642
6066,740
6067,980
6068,725
6069,597
6070,888
6071,723
6072,842
6073,835
6074,807
6075,999
6076,812
6077,764
6078,807
6079,929
6080,391
6081,-283
6082,618
6083,956
6084,592
6085,918
6086,896
6087,1147
6088,927
6089,896
6090,603
6091,1031
6092,770
6093,1044
6094,838
6095,888
6096,530
6097,960
6098,920
6099,1006
6100,526
6101,968
6102,358
6103,880
6104,754
6105,890
6106,882
6107,634
6108,825
6109,946
6110,868
6111,813
6112,950
6113,846
6114,969
6115,738
6116,790
6117,641
6118,789
6119,562
6120,657
6121,870
6122,882
6123,885
6124,832
6125,641
6126,713
6127,786
6128,943
6129,524
6130,611
6131,971
6132,835
6133,677
6134,719
6135,569
6136,784
6137,1088
6138,925
6139,773
6140,775
6141,806
6142,867
6143,592
6144,1014
6145,1012
6146,768
6147,916
6148,606
6149,950
6150,656
6151,813
6152,970
6153,709
6154,627
6155,660
6156,728
6157,723
6158,778
6159,630
6160,753
6161,725
6162,890
6163,823
6164,1010
6165,706
6166,640
6167,1070
6168,684
6169,815
6170,531
6171,899
6172,707
6173,782
6174,944
6175,758
6176,938
6177,729
6178,747
6179,852
6180,842
6181,1112
6182,941
6183,1044
6184,930
6185,1211
6186,546
6187,938
6188,850
6189,1015
6190,693
6191,816
6192,913
6193,871
6194,775
6195,533
6196,698
6197,920
6198,788
6199,644
6200,725
6201,223
6202,773
6203,763
6204,798
6205,832
6206,674
6207,668
6208,876
6209,749
6210,679
6211,566
6212,1019
6213,748
6214,1087
6215,725
6216,841
6217,492
6218,784
6219,876
6220,1065
6221,1003
6222,627
6223,830
6224,814
6225,631
6226,836
6227,546
6228,809
6229,717
6230,724
6231,722
6232,909
6233,753
6234,837
6235,569
6236,802
6237,666
6238,871
6239,717
6240,451
6241,874
6242,675
6243,593
6244,604
6245,740
6246,814
6247,860
6248,690
6249,744
6250,754
6251,595
6252,714
6253,949
6254,731
6255,609
6256,806
6257,941
6258,804
6259,1044
6260,521
6261,1008
6262,895
6263,607
6264,655
6265,835
6266,651
6267,984
6268,769
6269,164
6270,943
6271,802
6272,729
6273,783
6274,767
6275,562
6276,806
6277,732
6278,747
6279,795
6280,505
6281,776
6282,675
6283,657
6284,882
6285,939
6286,949
6287,667
6288,643
6289,640
6290,1067
6291,712
6292,990
6293,917
6294,814
6295,721
6296,716
6297,943
6298,629
6299,617
6300,904
6301,676
6302,582
6303,729
6304,907
6305,920
6306,875
6307,693
6308,754
6309,0
6310,744
6311,732
6312,680
6313,666
6314,696
6315,864
6316,611
6317,629
6318,912
6319,838
6320,800
6321,679
6322,806
6323,473
6324,637
6325,617
6326,827
6327,883
6328,642
6329,780
6330,944
6331,882
6332,926
6333,583
6334,774
6335,1002
6336,536
6337,914
6338,1062
6339,738
6340,993
6341,502
6342,485
6343,631
6344,889
6345,845
6346,780
6347,786
6348,758
6349,783
6350,505
6351,636
6352,697
6353,947
6354,481
6355,659
6356,1007
6357,783
6358,619
6359,1091
6360,815
6361,822
6362,818
6363,629
6364,466
6365,883
6366,793
6367,1096
6368,733
6369,603
6370,930
6371,966
6372,830
6373,1084
6374,577
6375,909
6376,814
6377,800
6378,731
6379,748
6380,908
6381,963
6382,875
6383,985
6384,860
6385,1027
6386,664
6387,452
6388,732
6389,859
6390,725
6391,985
6392,720
6393,718
6394,734
6395,670
6396,482
6397,746
6398,734
6399,772
6400,751
6401,761
6402,832
6403,872
6404,926
6405,605
6406,844
6407,905
6408,649
6409,812
6410,721
6411,616
6412,936
6413,938
6414,681
6415,848
6416,645
6417,1121
6418,870
6419,737
6420,649
6421,745
6422,895
6423,370
6424,781
6425,976
6426,864
6427,881
6428,1106
6429,890
6430,774
6431,791
6432,1162
6433,876
6434,837
6435,854
6436,785
6437,724
6438,802
6439,543
6440,868
6441,820
6442,1203
6443,865
6444,580
6445,695
6446,762
6447,839
6448,1052
6449,493
6450,838
6451,893
6452,864
6453,729
6454,778
6455,899
6456,790
6457,756
6458,732
6459,1048
6460,928
6461,690
6462,709
6463,824
6464,1122
6465,739
6466,895
6467,773
6468,781
6469,513
6470,835
6471,859
6472,984
6473,1093
6474,210
6475,627
6476,679
6477,970
6478,765
6479,1044
6480,819
6481,785
6482,687
6483,752
6484,954
6485,759
6486,138
6487,883
6488,686
6489,870
6490,750
6491,672
6492,85
6493,776
6494,749
6495,729
6496,813
6497,896
6498,764
6499,594
6500,712
6501,807
6502,763
6503,1116
6504,687
6505,746
6506,897
6507,887
6508,866
6509,666
6510,633
6511,919
6512,917
6513,793
6514,909
6515,654
6516,1004
6517,857
6518,684
6519,898
6520,687
6521,988
6522,666
6523,578
6524,863
6525,887
6526,561
6527,800
6528,565
6529,711
6530,840
6531,1180
6532,770
6533,851
6534,614
6535,679
6536,787
6537,747
6538,767
6539,393
6540,564
6541,941
6542,824
6543,703
6544,995
6545,890
6546,740
6547,962
6548,713
6549,369
6550,919
6551,1125
6552,739
6553,818
6554,1061
6555,859
6556,592
6557,1114
6558,901
6559,862
6560,809
6561,792
6562,673
6563,790
6564,610
6565,707
6566,833
6567,760
6568,873
6569,752
6570,713
6571,643
6572,780
6573,761
6574,657
6575,960
6576,1070
6577,749
6578,667
6579,695
6580,753
6581,888
6582,1155
6583,709
6584,522
6585,653
6586,629
6587,889
6588,719
6589,564
6590,969
6591,902
6592,938
6593,606
6594,556
6595,770
6596,683
6597,792
6598,970
6599,1069
6600,853
6601,1073
6602,610
6603,878
6604,669
6605,865
6606,918
6607,823
6608,849
6609,827
6610,734
6611,1042
6612,649
6613,554
6614,939
6615,516
6616,655
6617,757
6618,683
6619,948
6620,698
6621,774
6622,1023
6623,741
6624,752
6625,879
6626,575
6627,715
6628,866
6629,588
6630,709
6631,612
6632,919
6633,1141
6634,582
6635,1010
6636,550
6637,854
6638,707
6639,861
6640,959
6641,638
6642,980
6643,574
6644,804
6645,924
6646,577
6647,703
6648,1008
6649,768
6650,726
6651,1014
6652,849
6653,762
6654,742
6655,948
6656,642
6657,297
6658,987
6659,675
6660,392
6661,878
6662,1030
6663,796
6664,810
6665,722
6666,718
6667,651
6668,846
6669,234
6670,515
6671,926
6672,733
6673,793
6674,733
6675,955
6676,890
6677,690
6678,591
6679,965
6680,765
6681,723
6682,816
6683,690
6684,903
6685,591
6686,526
6687,818
6688,898
6689,747
6690,653
6691,728
6692,958
6693,542
6694,980
6695,1018
6696,708
6697,469
6698,773
6699,879
6700,845
6701,724
6702,604
6703,806
6704,862
6705,717
6706,497
6707,878
6708,654
6709,760
6710,776
6711,9
6712,812
6713,707
6714,714
6715,568
6716,766
6717,857
6718,884
6719,1108
6720,707
6721,431
6722,687
6723,651
6724,625
6725,514
6726,785
6727,815
6728,785
6729,835
6730,537
6731,722
6732,599
6733,424
6734,606
6735,563
6736,711
6737,841
6738,680
6739,775
6740,646
6741,692
6742,448
6743,649
6744,795
6745,570
6746,837
6747,92
6748,972
6749,889
6750,893
6751,520
6752,804
6753,684
6754,589
6755,693
6756,629
6757,537
6758,755
6759,874
6760,722
6761,1022
6762,777
6763,681
6764,677
6765,910
6766,740
6767,984
6768,745
6769,895
6770,779
6771,841
6772,660
6773,752
6774,1052
6775,589
6776,732
6777,824
6778,690
6779,688
6780,743
6781,911
6782,798
6783,392
6784,788
6785,680
6786,771
6787,761
6788,580
6789,416
6790,857
6791,605
6792,727
6793,786
6794,578
6795,703
6796,768
6797,693
6798,902
6799,720
6800,685
6801,821
6802,531
6803,841
6804,643
6805,833
6806,798
6807,877
6808,370
6809,787
6810,721
6811,877
6812,775
6813,728
6814,619
6815,718
6816,943
6817,766
6818,382
6819,550
6820,670
6821,705
6822,857
6823,886
6824,757
6825,692
6826,913
6827,687
6828,709
6829,603
6830,740
6831,961
6832,617
6833,944
6834,671
6835,444
6836,834
6837,789
6838,609
6839,734
6840,929
6841,675
6842,500
6843,679
6844,696
6845,719
6846,629
6847,633
6848,600
6849,860
6850,770
6851,498
6852,807
6853,598
6854,728
6855,747
6856,643
6857,632
6858,902
6859,957
6860,768
6861,903
6862,756
6863,1054
6864,711
6865,887
6866,617
6867,740
6868,751
6869,573
6870,762
6871,881
6872,781
6873,792
6874,858
6875,945
6876,745
6877,812
6878,873
6879,890
6880,762
6881,1101
6882,778
6883,753
6884,766
6885,979
6886,951
6887,882
6888,759
6889,981
6890,721
6891,797
6892,865
6893,749
6894,774
6895,931
6896,631
6897,692
6898,881
6899,611
6900,756
6901,766
6902,755
6903,775
6904,772
6905,797
6906,1143
6907,660
6908,649
6909,796
6910,1035
6911,748
6912,975
6913,684
6914,904
6915,575
6916,627
6917,870
6918,700
6919,970
6920,735
6921,721
6922,697
6923,620
6924,763
6925,525
6926,794
6927,716
6928,707
6929,962
6930,943
6931,777
6932,839
6933,688
6934,466
6935,968
6936,810
6937,858
6938,940
6939,583
6940,615
6941,865
6942,583
6943,339
6944,745
6945,559
6946,694
6947,683
6948,110
6949,842
6950,859
6951,1070
6952,829
6953,460
6954,729
6955,691
6956,885
6957,538
6958,686
6959,499
6960,685
6961,718
6962,837
6963,890
6964,666
6965,874
6966,866
6967,760
6968,780
6969,831
6970,846
6971,550
6972,784
6973,716
6974,735
6975,702
6976,881
6977,901
6978,810
6979,709
6980,693
6981,615
6982,715
6983,843
6984,896
6985,570
6986,517
6987,668
6988,641
6989,785
6990,742
6991,791
6992,930
6993,568
6994,667
6995,582
6996,1001
6997,836
6998,471
6999,753
7000,507
7001,791
7002,502
7003,1102
7004,730
7005,776
7006,603
7007,805
7008,724
7009,567
7010,637
7011,872
7012,500
7013,754
7014,463
7015,674
7016,428
7017,649
7018,721
7019,978
7020,837
7021,327
7022,622
7023,733
7024,1054
7025,908
7026,967
7027,884
7028,617
7029,778
7030,599
7031,771
7032,739
7033,475
7034,639
7035,638
7036,544
7037,891
7038,612
7039,873
7040,602
7041,564
7042,681
7043,570
7044,780
7045,799
7046,742
7047,785
7048,658
7049,581
7050,898
7051,889
7052,602
7053,868
7054,618
7055,662
7056,761
7057,758
7058,628
7059,606
7060,875
7061,547
7062,733
7063,603
7064,670
7065,706
7066,559
7067,772
7068,814
7069,623
7070,961
7071,898
7072,629
7073,754
7074,1022
7075,651
7076,767
7077,601
7078,674
7079,666
7080,678
7081,1090
7082,807
7083,939
7084,622
7085,806
7086,742
7087,597
7088,814
7089,839
7090,775
7091,874
7092,596
7093,756
7094,670
7095,714
7096,582
7097,539
7098,829
7099,771
7100,930
7101,833
7102,502
7103,698
7104,649
7105,782
7106,585
7107,713
7108,698
7109,870
7110,1023
7111,679
7112,579
7113,787
7114,579
7115,821
7116,757
7117,699
7118,859
7119,765
7120,913
7121,831
7122,786
7123,699
7124,1016
7125,553
7126,539
7127,892
7128,568
7129,886
7130,592
7131,389
7132,742
7133,632
7134,723
7135,836
7136,776
7137,879
7138,625
7139,705
7140,576
7141,445
7142,499
7143,847
7144,758
7145,487
7146,683
7147,877
7148,621
7149,712
7150,692
7151,846
7152,340
7153,654
7154,577
7155,795
7156,373
7157,713
7158,751
7159,818
7160,627
7161,688
7162,649
7163,1002
7164,338
7165,806
7166,781
7167,520
7168,787
7169,600
7170,604
7171,565
7172,742
7173,818
7174,740
7175,798
7176,531
7177,776
7178,794
7179,641
7180,526
7181,654
7182,750
7183,822
7184,745
7185,692
7186,930
7187,656
7188,828
7189,530
7190,724
7191,572
7192,742
7193,684
7194,737
7195,697
7196,441
7197,941
7198,792
7199,730
7200,615
7201,862
7202,879
7203,877
7204,795
7205,743
7206,737
7207,832
7208,751
7209,987
7210,759
7211,719
7212,639
7213,674
7214,715
7215,570
7216,776
7217,796
7218,351
7219,471
7220,677
7221,708
7222,1024
7223,661
7224,763
7225,819
7226,864
7227,644
7228,794
7229,709
7230,687
7231,693
7232,1066
7233,896
7234,666
7235,190
7236,832
7237,719
7238,627
7239,617
7240,876
7241,630
7242,857
7243,748
7244,738
7245,690
7246,732
7247,468
7248,977
7249,722
7250,791
7251,758
7252,1054
7253,854
7254,646
7255,646
7256,798
7257,673
7258,703
7259,786
7260,776
7261,806
7262,830
7263,846
7264,850
7265,946
7266,856
7267,779
7268,875
7269,760
7270,752
7271,846
7272,692
7273,784
7274,886
7275,876
7276,988
7277,1016
7278,622
7279,797
7280,834
7281,612
7282,796
7283,861
7284,963
7285,880
7286,686
7287,725
7288,715
7289,999
7290,708
7291,651
7292,690
7293,1116
7294,554
7295,491
7296,799
7297,735
7298,1037
7299,716
7300,864
7301,730
7302,633
7303,598
7304,484
7305,815
7306,616
7307,590
7308,817
7309,890
7310,640
7311,805
7312,441
7313,67
7314,341
7315,529
7316,797
7317,675
7318,835
7319,1103
7320,710
7321,890
7322,741
7323,467
7324,788
7325,394
7326,946
7327,640
7328,639
7329,846
7330,662
7331,568
7332,594
7333,751
7334,850
7335,682
7336,671
7337,564
7338,683
7339,602
7340,769
7341,562
7342,964
7343,718
7344,726
7345,652
7346,898
7347,711
7348,662
7349,712
7350,682
7351,244
7352,631
7353,509
7354,507
7355,736
7356,786
7357,634
7358,503
7359,608
7360,731
7361,754
7362,953
7363,917
7364,585
7365,166
7366,649
7367,862
7368,588
7369,961
7370,860
7371,582
7372,728
7373,980
7374,856
7375,398
7376,712
7377,686
7378,681
7379,702
7380,876
7381,719
7382,584
7383,972
7384,750
7385,755
7386,605
7387,979
7388,658
7389,505
7390,943
7391,714
7392,658
7393,563
7394,924
7395,932
7396,638
7397,521
7398,694
7399,860
7400,638
7401,664
7402,706
7403,601
7404,952
7405,703
7406,837
7407,796
7408,814
7409,667
7410,842
7411,538
7412,840
7413,880
7414,990
7415,631
7416,859
7417,718
7418,748
7419,858
7420,897
7421,766
7422,609
7423,660
7424,593
7425,709
7426,623
7427,641
7428,720
7429,750
7430,465
7431,696
7432,641
7433,831
7434,716
7435,607
7436,549
7437,894
7438,678
7439,532
7440,773
7441,600
7442,833
7443,748
7444,584
7445,511
7446,784
7447,699
7448,652
7449,717
7450,756
7451,994
7452,832
7453,651
7454,589
7455,739
7456,737
7457,894
7458,668
7459,577
7460,727
7461,799
7462,856
7463,738
7464,1040
7465,724
7466,571
7467,623
7468,749
7469,1088
7470,611
7471,564
7472,788
7473,849
7474,752
7475,-8
7476,543
7477,809
7478,673
7479,570
7480,887
7481,636
7482,497
7483,473
7484,666
7485,969
7486,669
7487,739
7488,712
7489,393
7490,468
7491,767
7492,640
7493,844
7494,747
7495,621
7496,623
7497,633
7498,782
7499,543
7500,634
7501,596
7502,825
7503,948
7504,750
7505,652
7506,589
7507,685
7508,714
7509,631
7510,695
7511,816
7512,652
7513,670
7514,688
7515,456
7516,683
7517,740
7518,793
7519,570
7520,673
7521,849
7522,810
7523,845
7524,579
7525,618
7526,634
7527,446
7528,736
7529,666
7530,580
7531,699
7532,788
7533,768
7534,937
7535,580
7536,437
7537,701
7538,709
7539,519
7540,630
7541,921
7542,657
7543,639
7544,880
7545,783
7546,590
7547,828
7548,640
7549,667
7550,641
7551,635
7552,498
7553,569
7554,708
7555,431
7556,713
7557,678
7558,594
7559,541
7560,775
7561,886
7562,436
7563,740
7564,778
7565,716
7566,863
7567,498
7568,671
7569,720
7570,653
7571,503
7572,623
7573,-240
7574,607
7575,740
7576,793
7577,664
7578,728
7579,662
7580,551
7581,1049
7582,754
7583,647
7584,709
7585,547
7586,858
7587,721
7588,774
7589,471
7590,640
7591,428
7592,664
7593,644
7594,562
7595,621
7596,809
7597,568
7598,728
7599,870
7600,860
7601,689
7602,549
7603,535
7604,800
7605,764
7606,642
7607,733
7608,-92
7609,726
7610,819
7611,78
7612,480
7613,726
7614,756
7615,840
7616,724
7617,589
7618,836
7619,563
7620,680
7621,464
7622,785
7623,1056
7624,976
7625,638
7626,750
7627,778
7628,725
7629,687
7630,719
7631,719
7632,652
7633,621
7634,915
7635,650
7636,680
7637,856
7638,685
7639,548
7640,614
7641,914
7642,974
7643,539
7644,175
7645,728
7646,680
7647,660
7648,922
7649,780
7650,895
7651,790
7652,967
7653,574
7654,638
7655,700
7656,455
7657,634
7658,650
7659,608
7660,434
7661,704
7662,651
7663,695
7664,979
7665,756
7666,658
7667,618
7668,415
7669,749
7670,780
7671,546
7672,531
7673,650
7674,923
7675,306
7676,776
7677,579
7678,595
7679,717
7680,828
7681,571
7682,678
7683,777
7684,812
7685,455
7686,556
7687,587
7688,806
7689,760
7690,584
7691,763
7692,573
7693,786
7694,904
7695,644
7696,912
7697,738
7698,662
7699,708
7700,686
7701,732
7702,578
7703,862
7704,794
7705,893
7706,944
7707,707
7708,831
7709,629
7710,760
7711,630
7712,776
7713,573
7714,762
7715,571
7716,599
7717,612
7718,563
7719,872
7720,652
7721,513
7722,554
7723,752
7724,559
7725,474
7726,735
7727,706
7728,591
7729,635
7730,789
7731,524
7732,695
7733,611
7734,809
7735,658
7736,751
7737,536
7738,668
7739,639
7740,575
7741,578
7742,662
7743,405
7744,691
7745,1027
7746,684
7747,636
7748,476
7749,774
7750,-442
7751,874
7752,584
7753,706
7754,586
7755,662
7756,577
7757,595
7758,527
7759,670
7760,543
7761,655
7762,797
7763,658
7764,796
7765,825
7766,883
7767,698
7768,582
7769,753
7770,555
7771,613
7772,564
7773,678
7774,572
7775,792
7776,730
7777,850
7778,712
7779,677
7780,919
7781,731
7782,697
7783,511
7784,864
7785,506
7786,572
7787,594
7788,733
7789,764
7790,653
7791,715
7792,494
7793,530
7794,436
7795,746
7796,633
7797,595
7798,880
7799,528
7800,389
7801,858
7802,595
7803,411
7804,650
7805,633
7806,844
7807,677
7808,637
7809,726
7810,577
7811,381
7812,576
7813,438
7814,572
7815,684
7816,593
7817,87
7818,809
7819,593
7820,699
7821,501
7822,457
7823,559
7824,724
7825,600
7826,429
7827,626
7828,395
7829,708
7830,727
7831,670
7832,785
7833,811
7834,893
7835,836
7836,893
7837,714
7838,676
7839,614
7840,437
7841,686
7842,649
7843,846
7844,657
7845,646
7846,726
7847,701
7848,771
7849,464
7850,832
7851,768
7852,717
7853,705
7854,864
7855,603
7856,1070
7857,830
7858,681
7859,713
7860,691
7861,574
7862,597
7863,724
7864,966
7865,634
7866,688
7867,678
7868,947
7869,701
7870,553
7871,822
7872,747
7873,136
7874,659
7875,663
7876,566
7877,863
7878,576
7879,745
7880,502
7881,910
7882,743
7883,804
7884,572
7885,614
7886,498
7887,722
7888,537
7889,432
7890,723
7891,494
7892,697
7893,429
7894,689
7895,609
7896,797
7897,694
7898,683
7899,624
7900,688
7901,697
7902,725
7903,638
7904,723
7905,462
7906,685
7907,718
7908,625
7909,844
7910,760
7911,956
7912,790
7913,558
7914,738
7915,657
7916,341
7917,781
7918,862
7919,830
7920,681
7921,742
7922,992
7923,381
7924,836
7925,732
7926,797
7927,626
7928,812
7929,318
7930,698
7931,625
7932,983
7933,693
7934,671
7935,693
7936,699
7937,634
7938,747
7939,550
7940,808
7941,701
7942,1076
7943,569
7944,632
7945,834
7946,771
7947,467
7948,581
7949,674
7950,875
7951,495
7952,697
7953,761
7954,743
7955,511
7956,649
7957,699
7958,413
7959,610
7960,642
7961,533
7962,966
7963,631
7964,713
7965,457
7966,770
7967,612
7968,849
7969,846
7970,735
7971,732
7972,771
7973,919
7974,775
7975,268
7976,861
7977,589
7978,774
7979,725
7980,893
7981,633
7982,591
7983,305
7984,690
7985,896
7986,882
7987,345
7988,880
7989,804
7990,693
7991,761
7992,470
7993,-71
7994,782
7995,684
7996,732
7997,639
7998,680
7999,657
8000,825
8001,829
8002,609
8003,714
8004,892
8005,691
8006,642
8007,509
8008,650
8009,638
8010,690
8011,629
8012,642
8013,689
8014,438
8015,346
8016,671
8017,503
8018,832
8019,633
8020,804
8021,684
8022,610
8023,892
8024,1018
8025,670
8026,796
8027,706
8028,554
8029,614
8030,735
8031,770
8032,759
8033,725
8034,508
8035,608
8036,688
8037,856
8038,739
8039,747
8040,1008
8041,743
8042,712
8043,524
8044,639
8045,652
8046,884
8047,590
8048,597
8049,744
8050,584
8051,543
8052,666
8053,658
8054,1104
8055,626
8056,629
8057,746
8058,779
8059,531
8060,571
8061,729
8062,700
8063,974
8064,584
8065,711
8066,603
8067,635
8068,718
8069,771
8070,722
8071,707
8072,767
8073,773
8074,830
8075,51
8076,551
8077,673
8078,622
8079,892
8080,478
8081,767
8082,442
8083,571
8084,409
8085,657
8086,725
8087,447
8088,661
8089,401
8090,615
8091,765
8092,816
8093,612
8094,810
8095,568
8096,595
8097,713
8098,622
8099,731
8100,877
8101,699
8102,532
8103,713
8104,709
8105,861
8106,507
8107,618
8108,911
8109,572
8110,551
8111,638
8112,596
8113,583
8114,653
8115,623
8116,755
8117,791
8118,600
8119,756
8120,699
8121,541
8122,609
8123,754
8124,704
8125,597
8126,563
8127,742
8128,596
8129,639
8130,529
8131,459
8132,659
8133,694
8134,423
8135,618
8136,251
8137,794
8138,532
8139,198
8140,818
8141,784
8142,788
8143,482
8144,625
8145,514
8146,678
8147,771
8148,719
8149,511
8150,524
8151,587
8152,722
8153,747
8154,705
8155,644
8156,790
8157,602
8158,453
8159,694
8160,771
8161,717
8162,659
8163,798
8164,587
8165,743
8166,525
8167,932
8168,790
8169,557
8170,758
8171,803
8172,560
8173,720
8174,459
8175,872
8176,624
8177,702
8178,616
8179,621
8180,457
8181,441
8182,866
8183,472
8184,428
8185,845
8186,1130
8187,707
8188,627
8189,451
8190,845
8191,682
8192,599
8193,682
8194,784
8195,904
8196,783
8197,491
8198,672
8199,808
8200,871
8201,-50
8202,435
8203,666
8204,450
8205,783
8206,784
8207,682
8208,547
8209,375
8210,568
8211,586
8212,359
8213,700
8214,723
8215,552
8216,631
8217,644
8218,651
8219,504
8220,609
8221,637
8222,513
8223,705
8224,768
8225,551
8226,757
8227,879
8228,716
8229,767
8230,551
8231,828
8232,493
8233,661
8234,410
8235,772
8236,517
8237,533
8238,715
8239,478
8240,632
8241,776
8242,678
8243,530
8244,911
8245,470
8246,469
8247,842
8248,467
8249,399
8250,791
8251,665
8252,725
8253,588
8254,558
8255,630
8256,657
8257,635
8258,793
8259,655
8260,944
8261,689
8262,1046
8263,544
8264,402
8265,523
8266,656
8267,604
8268,592
8269,655
8270,669
8271,766
8272,525
8273,812
8274,832
8275,617
8276,878
8277,717
8278,716
8279,750
8280,1014
8281,762
8282,524
8283,856
8284,760
8285,594
8286,728
8287,651
8288,545
8289,661
8290,499
8291,645
8292,201
8293,694
8294,766
8295,814
8296,606
8297,727
8298,596
8299,515
8300,596
8301,611
8302,792
8303,610
8304,723
8305,513
8306,596
8307,642
8308,746
8309,882
8310,297
8311,740
8312,783
8313,881
8314,557
8315,634
8316,399
8317,568
8318,545
8319,597
8320,473
8321,751
8322,755
8323,558
8324,699
8325,576
8326,535
8327,712
8328,567
8329,591
8330,700
8331,587
8332,947
8333,660
8334,636
8335,882
8336,595
8337,742
8338,706
8339,464
8340,626
8341,436
8342,617
8343,636
8344,830
8345,477
8346,740
8347,642
8348,597
8349,820
8350,505
8351,520
8352,613
8353,635
8354,651
8355,884
8356,817
8357,819
8358,583
8359,783
8360,695
8361,635
8362,917
8363,664
8364,669
8365,285
8366,549
8367,454
8368,470
8369,580
8370,695
8371,771
8372,846
8373,620
8374,597
8375,466
8376,594
8377,598
8378,773
8379,462
8380,675
8381,743
8382,699
8383,482
8384,600
8385,925
8386,629
8387,761
8388,664
8389,582
8390,601
8391,591
8392,769
8393,487
8394,478
8395,632
8396,829
8397,539
8398,400
8399,609
8400,533
8401,187
8402,642
8403,595
8404,808
8405,658
8406,750
8407,587
8408,409
8409,810
8410,852
8411,717
8412,614
8413,801
8414,587
8415,612
8416,611
8417,633
8418,502
8419,603
8420,726
8421,644
8422,741
8423,833
8424,545
8425,598
8426,737
8427,639
8428,788
8429,716
8430,682
8431,631
8432,779
8433,771
8434,732
8435,172
8436,755
8437,722
8438,825
8439,756
8440,651
8441,659
8442,624
8443,553
8444,794
8445,695
8446,430
8447,556
8448,776
8449,694
8450,642
8451,695
8452,692
8453,706
8454,984
8455,798
8456,750
8457,578
8458,718
8459,676
8460,687
8461,797
8462,702
8463,797
8464,844
8465,680
8466,761
8467,710
8468,734
8469,629
8470,623
8471,755
8472,768
8473,736
8474,744
8475,448
8476,531
8477,706
8478,417
8479,558
8480,712
8481,140
8482,674
8483,684
8484,426
8485,333
8486,654
8487,659
8488,693
8489,868
8490,607
8491,832
8492,725
8493,706
8494,460
8495,750
8496,453
8497,708
8498,649
8499,560
8500,-10
8501,971
8502,-431
8503,593
8504,139
8505,696
8506,715
8507,1067
8508,633
8509,488
8510,1021
8511,693
8512,610
8513,769
8514,792
8515,529
8516,718
8517,875
8518,469
8519,618
8520,670
8521,759
8522,717
8523,558
8524,742
8525,734
8526,724
8527,709
8528,656
8529,864
8530,544
8531,867
8532,600
8533,500
8534,460
8535,737
8536,677
8537,1050
8538,785
8539,877
8540,690
8541,706
8542,623
8543,604
8544,713
8545,424
8546,784
8547,716
8548,593
8549,685
8550,145
8551,818
8552,791
8553,834
8554,773
8555,749
8556,771
8557,869
8558,368
8559,728
8560,584
8561,523
8562,528
8563,429
8564,709
8565,829
8566,662
8567,794
8568,642
8569,548
8570,596
8571,683
8572,396
8573,707
8574,787
8575,843
8576,773
8577,826
8578,686
8579,574
8580,715
8581,459
8582,479
8583,894
8584,810
8585,626
8586,799
8587,674
8588,718
8589,779
8590,822
8591,863
8592,651
8593,833
8594,792
8595,633
8596,626
8597,807
8598,277
8599,796
8600,588
8601,693
8602,859
8603,886
8604,652
8605,660
8606,384
8607,899
8608,437
8609,461
8610,837
8611,784
8612,927
8613,709
8614,744
8615,508
8616,829
8617,711
8618,993
8619,112
8620,793
8621,794
8622,831
8623,459
8624,672
8625,541
8626,582
8627,530
8628,702
8629,100
8630,570
8631,794
8632,769
8633,760
8634,873
8635,768
8636,696
8637,739
8638,342
8639,714
8640,662
8641,709
8642,822
8643,548
8644,781
8645,778
8646,645
8647,927
8648,166
8649,766
8650,648
8651,627
8652,722
8653,708
8654,871
8655,587
8656,844
8657,773
8658,677
8659,696
8660,777
8661,787
8662,724
8663,581
8664,781
8665,401
8666,399
8667,577
8668,864
8669,639
8670,670
8671,832
8672,555
8673,714
8674,847
8675,775
8676,438
8677,691
8678,497
8679,417
8680,624
8681,35
8682,574
8683,767
8684,604
8685,535
8686,800
8687,907
8688,577
8689,528
8690,714
8691,867
8692,641
8693,719
8694,883
8695,650
8696,851
8697,846
8698,744
8699,713
8700,558
8701,626
8702,651
8703,666
8704,654
8705,834
8706,880
8707,875
8708,534
8709,686
8710,899
8711,706
8712,600
8713,604
8714,788
8715,725
8716,866
8717,587
8718,596
8719,649
8720,982
8721,722
8722,748
8723,982
8724,511
8725,440
8726,786
8727,646
8728,864
8729,647
8730,681
8731,588
8732,455
8733,568
8734,634
8735,610
8736,488
8737,648
8738,129
8739,710
8740,695
8741,529
8742,778
8743,747
8744,841
8745,734
8746,770
8747,-312
8748,844
8749,594
8750,233
8751,696
8752,743
8753,855
8754,739
8755,686
8756,609
8757,788
8758,756
8759,785
8760,667
8761,594
8762,750
8763,874
8764,755
8765,690
8766,705
8767,825
8768,540
8769,678
8770,383
8771,731
8772,698
8773,781
8774,692
8775,758
8776,609
8777,883
8778,701
8779,899
8780,395
8781,679
8782,677
8783,828
8784,532
8785,601
8786,726
8787,598
8788,576
8789,453
8790,746
8791,548
8792,631
8793,1158
8794,753
8795,854
8796,724
8797,992
8798,517
8799,621
8800,653
8801,680
8802,672
8803,730
8804,961
8805,521
8806,567
8807,566
8808,800
8809,589
8810,853
8811,744
8812,916
8813,453
8814,710
8815,795
8816,446
8817,586
8818,775
8819,733
8820,810
8821,748
8822,820
8823,451
8824,653
8825,748
8826,765
8827,490
8828,990
8829,542
8830,613
8831,686
8832,844
8833,732
8834,745
8835,664
8836,599
8837,1024
8838,638
8839,757
8840,211
8841,531
8842,528
8843,559
8844,811
8845,757
8846,631
8847,314
8848,480
8849,642
8850,640
8851,534
8852,926
8853,737
8854,838
8855,839
8856,1002
8857,838
8858,738
8859,513
8860,301
8861,730
8862,688
8863,750
8864,683
8865,817
8866,878
8867,666
8868,281
8869,611
8870,721
8871,694
8872,763
8873,707
8874,549
8875,565
8876,723
8877,651
8878,642
8879,739
8880,987
8881,905
8882,496
8883,-226
8884,717
8885,773
8886,843
8887,847
8888,830
8889,664
8890,751
8891,560
8892,721
8893,452
8894,655
8895,720
8896,638
8897,711
8898,598
8899,810
8900,632
8901,702
8902,641
8903,88
8904,475
8905,735
8906,371
8907,588
8908,543
8909,499
8910,672
8911,732
8912,593
8913,299
8914,655
8915,327
8916,866
8917,632
8918,826
8919,462
8920,796
8921,436
8922,560
8923,471
8924,688
8925,797
8926,525
8927,461
8928,730
8929,660
8930,696
8931,954
8932,665
8933,858
8934,663
8935,552
8936,794
8937,675
8938,641
8939,559
8940,675
8941,749
8942,590
8943,725
8944,556
8945,929
8946,722
8947,723
8948,246
8949,662
8950,845
8951,744
8952,595
8953,551
8954,718
8955,504
8956,654
8957,489
8958,776
8959,611
8960,830
8961,735
8962,772
8963,659
8964,-208
8965,803
8966,601
8967,805
8968,640
8969,734
8970,527
8971,621
8972,1066
8973,706
8974,615
8975,677
8976,637
8977,614
8978,631
8979,810
8980,279
8981,744
8982,996
8983,692
8984,807
8985,630
8986,561
8987,498
8988,656
8989,470
8990,983
8991,519
8992,677
8993,679
8994,638
8995,694
8996,651
8997,612
8998,536
8999,796
9000,768
9001,475
9002,460
9003,403
9004,907
9005,690
9006,636
9007,981
9008,989
9009,740
9010,869
9011,643
9012,653
9013,634
9014,111
9015,719
9016,643
9017,577
9018,663
9019,547
9020,619
9021,806
9022,718
9023,571
9024,802
9025,754
9026,816
9027,834
9028,623
9029,854
9030,694
9031,740
9032,752
9033,684
9034,819
9035,804
9036,573
9037,429
9038,721
9039,524
9040,645
9041,817
9042,719
9043,894
9044,539
9045,678
9046,911
9047,611
9048,816
9049,697
9050,669
9051,789
9052,453
9053,520
9054,132
9055,574
9056,767
9057,730
9058,565
9059,602
9060,792
9061,967
9062,836
9063,874
9064,966
9065,759
9066,542
9067,460
9068,978
9069,895
9070,576
9071,534
9072,587
9073,871
9074,621
9075,161
9076,314
9077,659
9078,831
9079,477
9080,614
9081,681
9082,23
9083,634
9084,596
9085,706
9086,634
9087,623
9088,383
9089,518
9090,663
9091,905
9092,711
9093,770
9094,780
9095,676
9096,787
9097,555
9098,607
9099,499
9100,810
9101,788
9102,634
9103,442
9104,609
9105,674
9106,701
9107,266
9108,170
9109,764
9110,755
9111,811
9112,857
9113,627
9114,496
9115,706
9116,643
9117,673
9118,752
9119,832
9120,875
9121,465
9122,781
9123,761
9124,820
9125,605
9126,638
9127,887
9128,749
9129,972
9130,786
9131,735
9132,410
9133,545
9134,698
9135,810
9136,912
9137,779
9138,746
9139,901
9140,781
9141,991
9142,884
9143,679
9144,894
9145,663
9146,603
9147,424
9148,324
9149,754
9150,646
9151,592
9152,662
9153,780
9154,731
9155,586
9156,595
9157,618
9158,742
9159,656
9160,125
9161,725
9162,768
9163,825
9164,607
9165,637
9166,959
9167,670
9168,546
9169,411
9170,596
9171,686
9172,583
9173,769
9174,538
9175,243
9176,595
9177,825
9178,747
9179,581
9180,1057
9181,657
9182,796
9183,712
9184,928
9185,718
9186,824
9187,540
9188,738
9189,600
9190,653
9191,737
9192,775
9193,568
9194,544
9195,760
9196,653
9197,758
9198,739
9199,586
9200,596
9201,805
9202,578
9203,860
9204,600
9205,693
9206,554
9207,737
9208,806
9209,733
9210,815
9211,707
9212,643
9213,762
9214,720
9215,802
9216,730
9217,763
9218,38
9219,463
9220,887
9221,598
9222,652
9223,718
9224,798
9225,551
9226,770
9227,887
9228,860
9229,775
9230,634
9231,742
9232,725
9233,863
9234,613
9235,653
9236,214
9237,692
9238,668
9239,704
9240,679
9241,575
9242,667
9243,576
9244,805
9245,311
9246,715
9247,638
9248,911
9249,826
9250,578
9251,707
9252,601
9253,681
9254,831
9255,14
9256,518
9257,585
9258,851
9259,572
9260,898
9261,864
9262,662
9263,809
9264,724
9265,873
9266,704
9267,428
9268,457
9269,22
9270,761
9271,366
9272,818
9273,509
9274,571
9275,852
9276,471
9277,490
9278,730
9279,528
9280,597
9281,518
9282,889
9283,764
9284,1013
9285,528
9286,836
9287,621
9288,589
9289,646
9290,725
9291,640
9292,844
9293,644
9294,452
9295,970
9296,695
9297,565
9298,838
9299,829
9300,885
9301,495
9302,548
9303,756
9304,352
9305,607
9306,257
9307,692
9308,820
9309,942
9310,767
9311,669
9312,856
9313,566
9314,944
9315,650
9316,979
9317,643
9318,689
9319,444
9320,736
9321,919
9322,788
9323,821
9324,569
9325,814
9326,609
9327,729
9328,733
9329,632
9330,544
9331,260
9332,543
9333,728
9334,470
9335,716
9336,670
9337,623
9338,721
9339,440
9340,687
9341,615
9342,547
9343,801
9344,609
9345,645
9346,1070
9347,317
9348,814
9349,828
9350,971
9351,-676
9352,613
9353,659
9354,876
9355,454
9356,607
9357,757
9358,575
9359,793
9360,988
9361,855
9362,519
9363,725
9364,-30
9365,899
9366,872
9367,663
9368,767
9369,750
9370,894
9371,572
9372,732
9373,560
9374,967
9375,639
9376,658
9377,822
9378,846
9379,645
9380,646
9381,839
9382,695
9383,641
9384,1086
9385,402
9386,897
9387,694
9388,569
9389,624
9390,711
9391,685
9392,707
9393,819
9394,444
9395,578
9396,893
9397,870
9398,1026
9399,815
9400,788
9401,550
9402,610
9403,548
9404,709
9405,834
9406,731
9407,702
9408,636
9409,970
9410,707
9411,717
9412,416
9413,638
9414,1070
9415,641
9416,588
9417,829
9418,586
9419,876
9420,519
9421,632
9422,811
9423,639
9424,753
9425,80
9426,662
9427,651
9428,710
9429,896
9430,708
9431,812
9432,1078
9433,803
9434,771
9435,626
9436,659
9437,519
9438,891
9439,656
9440,456
9441,186
9442,887
9443,655
9444,461
9445,802
9446,761
9447,904
9448,1137
9449,721
9450,807
9451,603
9452,738
9453,235
9454,568
9455,744
9456,668
9457,613
9458,685
9459,535
9460,464
9461,994
9462,699
9463,586
9464,860
9465,775
9466,889
9467,947
9468,770
9469,821
9470,916
9471,677
9472,772
9473,681
9474,843
9475,4
9476,464
9477,728
9478,716
9479,419
9480,839
9481,794
9482,857
9483,936
9484,624
9485,943
9486,869
9487,712
9488,917
9489,580
9490,707
9491,479
9492,822
9493,797
9494,81
9495,720
9496,890
9497,794
9498,594
9499,685
9500,890
9501,658
9502,822
9503,721
9504,767
9505,737
9506,805
9507,620
9508,853
9509,923
9510,601
9511,740
9512,852
9513,858
9514,583
9515,849
9516,711
9517,809
9518,982
9519,799
9520,833
9521,823
9522,598
9523,716
9524,598
9525,1015
9526,739
9527,743
9528,940
9529,992
9530,512
9531,832
9532,373
9533,696
9534,422
9535,752
9536,731
9537,858
9538,497
9539,463
9540,562
9541,556
9542,724
9543,733
9544,682
9545,529
9546,695
9547,854
9548,679
9549,849
9550,620
9551,771
9552,727
9553,667
9554,746
9555,802
9556,600
9557,645
9558,674
9559,805
9560,883
9561,647
9562,899
9563,687
9564,688
9565,454
9566,738
9567,887
9568,706
9569,704
9570,567
9571,729
9572,727
9573,548
9574,675
9575,683
9576,561
9577,594
9578,688
9579,593
9580,897
9581,370
9582,685
9583,683
9584,821
9585,725
9586,663
9587,864
9588,818
9589,553
9590,638
9591,815
9592,617
9593,873
9594,802
9595,724
9596,812
9597,610
9598,875
9599,691
9600,939
9601,740
9602,357
9603,889
9604,777
9605,511
9606,908
9607,973
9608,738
9609,650
9610,716
9611,613
9612,382
9613,1000
9614,986
9615,631
9616,756
9617,694
9618,725
9619,455
9620,541
9621,747
9622,120
9623,799
9624,644
9625,516
9626,731
9627,781
9628,674
9629,693
9630,521
9631,758
9632,731
9633,1001
9634,610
9635,642
9636,629
9637,641
9638,537
9639,619
9640,392
9641,771
9642,774
9643,697
9644,672
9645,597
9646,492
9647,771
9648,752
9649,730
9650,837
9651,748
9652,41
9653,630
9654,676
9655,646
9656,866
9657,752
9658,887
9659,472
9660,734
9661,712
9662,540
9663,943
9664,614
9665,749
9666,636
9667,350
9668,579
9669,631
9670,645
9671,735
9672,867
9673,580
9674,806
9675,632
9676,780
9677,637
9678,545
9679,618
9680,820
9681,684
9682,505
9683,858
9684,795
9685,63
9686,405
9687,29
9688,897
9689,579
9690,830
9691,690
9692,531
9693,799
9694,1065
9695,726
9696,760
9697,683
9698,636
9699,764
9700,713
9701,1092
9702,219
9703,758
9704,754
9705,802
9706,867
9707,705
9708,663
9709,805
9710,636
9711,494
9712,722
9713,629
9714,608
9715,525
9716,409
9717,652
9718,538
9719,524
9720,741
9721,672
9722,795
9723,615
9724,904
9725,909
9726,773
9727,904
9728,869
9729,533
9730,1030
9731,626
9732,692
9733,590
9734,836
9735,895
9736,514
9737,964
9738,563
9739,651
9740,849
9741,479
9742,723
9743,905
9744,596
9745,552
9746,539
9747,769
9748,608
9749,498
9750,824
9751,784
9752,562
9753,1002
9754,610
9755,774
9756,732
9757,789
9758,640
9759,640
9760,844
9761,751
9762,446
9763,928
9764,664
9765,610
9766,668
9767,830
9768,764
9769,755
9770,585
9771,339
9772,666
9773,736
9774,772
9775,622
9776,603
9777,730
9778,574
9779,746
9780,560
9781,697
9782,728
9783,633
9784,357
9785,579
9786,565
9787,-198
9788,543
9789,734
9790,834
9791,738
9792,46
9793,650
9794,663
9795,686
9796,728
9797,789
9798,695
9799,575
9800,824
9801,666
9802,689
9803,983
9804,643
9805,743
9806,758
9807,738
9808,32
9809,732
9810,865
9811,745
9812,739
9813,625
9814,583
9815,629
9816,626
9817,695
9818,884
9819,587
9820,678
9821,928
9822,769
9823,773
9824,780
9825,528
9826,677
9827,712
9828,546
9829,713
9830,663
9831,791
9832,741
9833,887
9834,901
9835,499
9836,549
9837,742
9838,773
9839,816
9840,566
9841,680
9842,771
9843,751
9844,747
9845,463
9846,836
9847,835
9848,743
9849,707
9850,637
9851,656
9852,888
9853,766
9854,966
9855,908
9856,415
9857,740
9858,734
9859,578
9860,643
9861,789
9862,715
9863,440
9864,432
9865,614
9866,748
9867,466
9868,569
9869,798
9870,787
9871,563
9872,841
9873,578
9874,439
9875,936
9876,533
9877,774
9878,291
9879,691
9880,655
9881,616
9882,995
9883,487
9884,663
9885,625
9886,573
9887,511
9888,616
9889,467
9890,495
9891,693
9892,637
9893,475
9894,662
9895,754
9896,896
9897,819
9898,693
9899,679
9900,-338
9901,650
9902,936
9903,630
9904,653
9905,702
9906,804
9907,1175
9908,-195
9909,825
9910,681
9911,690
9912,851
9913,576
9914,655
9915,823
9916,826
9917,639
9918,712
9919,733
9920,544
9921,843
9922,576
9923,584
9924,677
9925,688
9926,743
9927,623
9928,666
9929,567
9930,661
9931,677
9932,461
9933,536
9934,720
9935,682
9936,946
9937,798
9938,178
9939,515
9940,225
9941,755
9942,676
9943,785
9944,443
9945,748
9946,873
9947,664
9948,673
9949,872
9950,622
9951,745
9952,688
9953,665
9954,669
9955,638
9956,877
9957,476
9958,924
9959,817
9960,569
9961,632
9962,793
9963,642
9964,777
9965,761
9966,583
9967,695
9968,554
9969,583
9970,787
9971,719
9972,731
9973,509
9974,906
9975,493
9976,800
9977,616
9978,824
9979,825
9980,712
9981,821
9982,535
9983,853
9984,701
9985,736
9986,554
9987,554
9988,777
9989,855
9990,566
9991,950
9992,723
9993,832
9994,465
9995,787
9996,662
9997,829
9998,695
9999,608
